transaction_id,user_id,amount,timestamp,country,device,is_foreign,is_high_risk_country,prev_transactions_24h,avg_amount_30d,label
b6f350a8c62e,73996,13.03,2025-04-05T10:39:56.743254,IN,macOS,1,1,5,40.34,0
0d8349b8c2ad,60208,164.39,2025-04-18T05:27:32.743394,US,Windows,0,0,1,65.94,0
fde563c2ede3,91907,160.86,2025-04-28T11:34:31.743458,US,Android,0,0,5,90.6,0
f242c8380397,99635,102.72,2025-05-18T01:04:56.743498,IN,iOS,1,1,0,53.07,0
f00fd63e79df,89935,19.55,2025-03-22T18:28:16.743526,IN,Windows,1,1,1,48.07,0
e05ece9021bb,93878,69.78,2025-04-10T07:02:42.743554,CN,Android,1,1,5,46.24,0
ef84a843072c,10168,95.72,2025-03-24T20:56:09.743578,GB,Android,1,0,5,49.14,0
7c506c31ed52,37779,266.4,2025-04-06T09:30:37.743600,IN,Windows,1,1,3,23.12,0
85099df5c273,62540,110.72,2025-03-21T14:39:30.743621,US,Windows,0,0,1,83.98,0
5d89ae54532f,16667,78.08,2025-04-25T17:03:45.743654,IN,Windows,1,1,3,43.23,0
32f51543d3d0,10171,6.58,2025-05-07T21:49:12.743703,DE,Android,1,0,2,54.85,0
92e9528e30a4,48406,136.2,2025-04-07T22:10:45.743732,IN,macOS,1,1,5,63.84,0
ae0cf661c59d,40638,41.81,2025-03-28T04:07:30.743757,FR,Windows,1,0,5,40.05,0
a87549418921,49529,28.26,2025-04-17T03:49:14.743777,DE,Windows,1,0,3,29.31,0
d3275fa03cf4,32405,41.68,2025-04-21T01:52:37.743797,IN,Windows,1,1,4,57.46,0
1f89fdc3c4dc,88657,171.49,2025-05-01T04:25:08.743816,DE,iOS,1,0,5,39.55,0
795f26dea00d,35218,252.64,2025-04-10T03:31:36.743834,IN,Android,1,1,6,42.98,0
af59f86bb7d5,19046,14.13,2025-04-07T13:59:01.743855,GB,Android,1,0,6,87.2,0
eb94c0a57957,98791,78.09,2025-04-05T00:16:49.743874,US,Windows,0,0,1,33.25,0
c389bad25ea8,53148,77.42,2025-04-11T13:39:38.743893,GB,Android,1,0,1,50.05,0
26d37a1043c0,29507,6.59,2025-05-17T08:21:42.743912,GB,Android,1,0,1,71.26,0
007f34065533,11053,392.18,2025-05-12T23:51:40.743931,US,macOS,0,0,0,48.05,0
77f31c3bb087,79259,55.52,2025-05-18T16:01:10.743951,GB,Windows,1,0,5,20.54,0
e5c19e12e0c0,38110,58.53,2025-03-20T22:53:33.743971,CN,Android,1,1,2,33.62,0
cdf727b78a9e,25340,22.76,2025-04-08T23:11:56.743996,IN,Windows,1,1,3,26.08,0
ea0f78010e68,51404,173.37,2025-05-09T16:26:58.744016,IN,Windows,1,1,1,66.54,0
cd62ee7338c1,46861,33.41,2025-05-10T09:07:03.744035,US,iOS,0,0,2,69.83,0
635e757248d3,56241,26.02,2025-04-18T20:00:24.744058,GB,macOS,1,0,0,38.14,0
0de581b32b84,31937,24.96,2025-04-27T00:14:56.744077,US,Windows,0,0,1,89.64,0
0925e147f4d5,22021,64.11,2025-03-25T07:20:55.744103,IN,Windows,1,1,4,51.72,0
59294c282aa1,52584,57.21,2025-05-07T20:45:02.744122,DE,iOS,1,0,6,61.79,0
1893016dd787,91771,207.99,2025-03-24T23:43:06.744142,IN,Windows,1,1,5,71.47,0
a963dfa5b79a,99962,413.77,2025-03-27T20:08:36.744161,FR,Windows,1,0,3,28.96,0
7ac088311e89,44738,19.46,2025-04-17T22:43:14.744180,US,macOS,0,0,0,27.63,0
58692a51a0d3,74198,18.82,2025-04-01T03:12:07.744198,US,macOS,0,0,0,14.44,0
929d950dc121,60354,115.11,2025-04-08T18:48:39.744218,US,macOS,0,0,5,29.57,0
ee27560b2ec6,93236,44.71,2025-04-20T19:56:32.744235,CN,Android,1,1,0,68.77,0
bf997a52c5cb,24483,3.03,2025-04-06T03:46:13.744254,GB,iOS,1,0,0,52.02,0
6ee262139682,44096,186.27,2025-04-13T20:49:46.744273,CN,macOS,1,1,5,42.47,0
3d151d4380ed,12292,34.08,2025-04-15T23:53:48.744296,US,iOS,0,0,4,33.55,0
1b3d897e810a,42704,218.13,2025-05-17T06:57:04.744316,US,Windows,0,0,4,92.01,0
4b97c683ff34,59184,158.66,2025-04-24T14:18:35.744336,DE,macOS,1,0,5,77.84,0
f7e2d216ac52,58479,4.4,2025-05-10T06:15:23.744355,DE,Android,1,0,3,61.75,0
b6f64d97ba34,46548,271.13,2025-04-14T15:31:50.744374,GB,iOS,1,0,3,73.34,0
d3ca2e4dd738,46199,21.61,2025-04-04T17:01:18.744393,IN,Windows,1,1,6,2.87,0
501a8dccafa8,16748,118.55,2025-05-02T17:22:11.744412,GB,iOS,1,0,3,51.75,0
4add8eed19ae,90807,11.39,2025-04-17T06:36:31.744430,GB,iOS,1,0,0,67.92,0
ba61884336d1,67695,283.07,2025-03-23T10:18:04.744470,US,iOS,0,0,4,41.33,0
3a3ad982d404,56080,15.62,2025-04-07T10:22:14.744504,US,Android,0,0,1,38.85,0
238102c6ae86,30377,48.68,2025-05-02T00:04:30.744528,US,macOS,0,0,2,29.06,0
5c78fc337a85,87048,43.17,2025-03-20T20:20:44.744547,IN,macOS,1,1,5,48.47,0
231d61f0f305,76490,14.12,2025-03-28T05:00:56.744566,CN,Android,1,1,3,74.01,0
7cbe55ffc62a,43898,0.38,2025-04-26T05:43:02.744585,US,iOS,0,0,5,56.26,0
788ac4760c2c,90424,197.66,2025-03-26T07:55:51.744606,DE,Android,1,0,0,49.24,0
92797604a1bd,94890,27.5,2025-03-22T12:38:24.744626,US,iOS,0,0,0,59.33,0
fab691c50b99,30286,215.73,2025-04-12T00:44:59.744646,FR,iOS,1,0,5,60.03,0
868f03bac5e7,70214,1.42,2025-04-20T19:04:00.744664,CN,macOS,1,1,1,31.57,0
d8e38a3800f7,11524,21.6,2025-04-15T21:15:14.744684,US,Windows,0,0,0,87.07,0
6feeb7cb10a1,56375,66.16,2025-05-16T13:11:38.744706,IN,macOS,1,1,5,53.01,0
c4797285799b,27456,411.82,2025-03-28T05:46:51.744731,CN,Android,1,1,3,31.36,1
a0f8f35e5571,98010,73.9,2025-04-12T19:55:32.744750,US,Windows,0,0,4,48.21,0
ab4b1b0f30d6,65954,22.37,2025-05-01T20:38:59.744768,US,iOS,0,0,3,49.84,0
b33ea83e91e0,84140,202.03,2025-05-09T00:40:39.744787,US,macOS,0,0,4,69.16,0
5f25a594cb03,39268,89.9,2025-05-05T06:35:44.744805,GB,Android,1,0,3,42.31,0
fe2330e597de,47647,51.04,2025-04-06T04:17:23.744824,IN,macOS,1,1,2,0.0,0
e8e055b9db39,93303,2.05,2025-05-03T03:59:19.744846,US,Android,0,0,4,53.01,0
2ab336ef3595,42758,181.24,2025-03-25T10:29:43.744865,CN,macOS,1,1,4,53.85,0
07a56baf4de6,30523,102.59,2025-04-22T05:12:01.744890,US,Android,0,0,6,44.17,0
bece8fb957ef,89152,14.22,2025-04-23T19:07:33.744908,CN,macOS,1,1,0,49.86,0
cc6879ab4928,39662,40.81,2025-05-04T17:34:26.744931,IN,Windows,1,1,6,27.78,0
15c343616e06,30135,108.81,2025-03-24T01:39:13.744955,US,Android,0,0,5,30.62,0
617d0bb07c09,16621,29.7,2025-05-10T13:13:28.744974,GB,macOS,1,0,3,58.38,0
306da36fedb0,81464,149.24,2025-04-27T22:49:04.744992,GB,Android,1,0,0,46.37,0
e1675eaa1a10,40064,41.21,2025-04-26T07:42:37.745011,IN,iOS,1,1,6,55.96,0
2930f3b5fdf7,85386,86.17,2025-04-28T18:07:11.745030,US,macOS,0,0,6,67.78,0
3d82ae380d33,78853,42.4,2025-04-03T15:50:39.745048,US,macOS,0,0,4,48.03,0
8d4ca3cea07a,84348,84.55,2025-04-02T22:29:53.745086,US,Android,0,0,3,55.37,0
e57ed90a40ed,36232,129.17,2025-05-18T07:31:56.745109,CN,Windows,1,1,6,29.75,0
e788932b967d,10493,128.54,2025-03-23T08:20:40.745127,CN,Windows,1,1,0,29.23,0
7008fe283b68,24542,27.9,2025-04-27T14:56:45.745151,GB,Windows,1,0,0,34.64,0
8c1557f8580f,25030,95.11,2025-04-27T18:24:38.745169,US,macOS,0,0,6,18.44,0
1a1a88ff9134,73609,40.43,2025-05-05T02:38:11.745188,US,iOS,0,0,5,60.0,0
1da48b170695,90104,3.7,2025-04-23T09:30:03.745207,US,Android,0,0,2,68.57,0
c36d25214183,84097,130.33,2025-03-23T01:50:10.745226,FR,Windows,1,0,2,96.13,0
50a485561be1,23486,56.23,2025-04-07T09:31:12.745245,DE,Windows,1,0,5,55.84,0
c40ebdd7f8cf,80420,49.36,2025-05-05T14:44:38.745264,US,Windows,0,0,3,85.35,0
212984fa569b,15924,49.55,2025-04-24T00:37:08.745283,FR,Windows,1,0,5,47.27,0
266c6f52da56,16017,0.52,2025-04-30T05:44:33.745301,CN,Windows,1,1,0,59.16,0
dfb794f738bd,42413,5.21,2025-05-09T03:52:53.745320,US,macOS,0,0,0,84.83,0
1399e460c471,75840,72.54,2025-03-23T00:03:38.745344,US,iOS,0,0,6,76.55,0
31e6deb8aa40,27300,67.06,2025-04-14T16:54:36.745362,US,iOS,0,0,1,76.73,0
899afc2388f5,28203,78.65,2025-05-05T23:53:16.745381,CN,Windows,1,1,3,68.04,0
a192123c9b51,47839,40.46,2025-05-05T22:07:16.745400,DE,macOS,1,0,4,10.67,0
c18bd5a1d846,66157,168.74,2025-05-03T20:20:28.745420,GB,macOS,1,0,0,54.33,0
bd0e6f3ad008,98728,97.12,2025-05-08T15:47:13.745438,CN,Android,1,1,0,40.56,0
605c9d6ad01d,80507,77.26,2025-03-31T12:47:25.745458,FR,Windows,1,0,0,76.48,0
950926f8f2a4,47386,34.64,2025-04-24T21:43:04.745476,IN,macOS,1,1,0,49.93,0
76eb3d3b02a0,41488,14.47,2025-04-22T08:07:10.745496,IN,macOS,1,1,1,58.24,0
143ffbbacfde,41537,35.39,2025-05-17T15:07:30.745520,IN,Android,1,1,0,75.14,0
1679ee7d95dd,61765,58.91,2025-05-13T09:04:09.745544,US,macOS,0,0,5,45.0,0
8a431e4f7d70,41581,119.64,2025-04-26T08:28:11.745571,CN,Windows,1,1,5,27.31,0
811d00acd0d6,90121,70.41,2025-05-18T19:38:58.745594,CN,macOS,1,1,0,42.16,0
6387baf6b64b,27603,27.06,2025-04-18T19:56:30.745614,US,macOS,0,0,1,69.91,0
65313d4e27b3,91941,0.6,2025-05-01T10:20:25.745699,GB,iOS,1,0,2,59.88,0
4825f63a1890,66368,110.47,2025-04-14T17:34:32.745723,DE,iOS,1,0,3,43.87,0
e722468577b1,92653,8.73,2025-04-10T10:10:18.745744,DE,Android,1,0,6,25.94,0
3423782cedf8,86184,71.56,2025-04-25T17:16:57.745762,IN,macOS,1,1,4,33.37,0
a9026935d65d,97483,80.23,2025-05-14T21:44:01.745782,GB,Android,1,0,1,61.07,0
95eb81aa3554,98020,106.1,2025-04-26T05:07:45.745801,US,Windows,0,0,1,61.64,0
ccc881a27b7f,69638,13.52,2025-05-09T14:30:33.745827,US,iOS,0,0,0,50.13,0
989eb2f0c5a4,12483,59.05,2025-04-12T04:55:30.745850,US,iOS,0,0,3,38.61,0
a4ad9a2dbef9,67559,82.37,2025-04-26T09:13:15.745869,US,Android,0,0,0,23.7,0
170563f47272,44242,36.64,2025-05-06T03:12:02.745887,IN,iOS,1,1,2,26.62,0
18de3c3180e4,57807,78.2,2025-05-10T23:00:23.745908,IN,iOS,1,1,5,50.71,0
3ef734d713c5,70655,34.62,2025-04-11T22:18:20.745928,CN,Android,1,1,2,42.68,0
f9daf3d73fc3,46121,15.24,2025-04-08T01:55:33.745947,GB,Android,1,0,1,63.86,0
35d6049d3c14,81111,55.93,2025-03-25T18:27:20.745966,DE,Android,1,0,2,62.78,0
ab4a05d8b615,29103,43.36,2025-04-14T19:31:30.745985,US,Android,0,0,3,38.0,0
5c5e364e9bf7,73095,0.18,2025-04-10T10:21:07.746004,CN,macOS,1,1,5,61.86,0
f739839ff30c,88307,305.97,2025-04-08T20:43:09.746028,FR,iOS,1,0,4,32.79,0
677a6d09b8b3,76912,48.13,2025-04-22T09:48:04.746048,US,Android,0,0,1,42.16,0
6fa49d29dcd6,18166,2.43,2025-04-05T00:55:57.746070,CN,iOS,1,1,0,45.71,0
decb0e9c6064,28400,7.89,2025-05-02T02:23:08.746089,US,macOS,0,0,4,34.49,0
f96a16da513f,28974,38.15,2025-05-02T23:35:58.746108,IN,iOS,1,1,0,80.74,0
8b25c49e4726,66298,27.55,2025-05-10T16:27:43.746126,CN,iOS,1,1,1,37.84,0
c66fdcb514cb,46371,98.28,2025-05-06T05:36:54.746146,IN,Windows,1,1,5,33.42,0
ece5c0da04c8,34028,103.62,2025-04-28T18:21:31.746164,US,macOS,0,0,5,74.34,0
b94e212ec1b1,15079,153.5,2025-05-11T02:01:22.746184,GB,Android,1,0,4,60.12,0
34598e30499e,96361,36.29,2025-04-18T23:34:02.746202,US,Android,0,0,4,85.94,0
2c7a095e38bb,33889,45.6,2025-04-15T04:27:47.746228,GB,iOS,1,0,4,30.39,0
ef1d61ab415c,77484,30.3,2025-04-18T05:35:21.746252,DE,iOS,1,0,1,70.13,0
ab834e79e557,49707,32.49,2025-04-07T01:14:20.746271,GB,iOS,1,0,2,40.0,0
9b823ccac678,81950,29.04,2025-04-22T21:38:59.746290,IN,macOS,1,1,3,55.16,0
f049d744d02f,46859,212.69,2025-05-19T04:22:53.746309,US,Windows,0,0,5,86.86,0
23e9b601b4a7,84469,27.71,2025-05-09T17:05:33.746327,US,Windows,0,0,3,41.4,0
3ee5c2affbe3,93394,320.14,2025-05-19T16:13:07.746345,US,Android,0,0,3,15.24,0
735cfdcf85da,38724,132.69,2025-04-03T17:37:40.746365,IN,Android,1,1,2,66.05,0
4f1e8c13d60c,16844,4.52,2025-04-04T11:39:12.746385,US,Android,0,0,0,11.41,0
d24ce69e1dbf,63036,23.0,2025-05-14T17:38:49.746403,IN,Android,1,1,2,49.41,0
a197cc75340b,91674,81.34,2025-04-02T07:01:16.746428,US,Windows,0,0,2,48.98,0
8deac4f9c255,53268,10.37,2025-04-17T04:11:44.746446,IN,Windows,1,1,0,30.9,0
541b0c09eb92,90961,63.44,2025-05-08T12:25:13.746516,US,Android,0,0,3,35.18,0
3615b2d073f0,33759,88.09,2025-04-18T22:17:14.746538,FR,macOS,1,0,2,96.22,0
d2a3a31869f3,53985,20.61,2025-05-03T05:55:17.746559,CN,iOS,1,1,3,33.24,0
defd2d1a9095,36989,293.79,2025-04-11T08:21:54.746578,DE,Android,1,0,6,25.25,0
000654044be4,47251,25.18,2025-04-27T18:15:56.746598,DE,iOS,1,0,6,53.78,0
d8028bf9cfb2,33578,118.28,2025-03-24T10:13:57.746618,GB,Android,1,0,0,33.94,0
bb31571b10ab,39689,706.46,2025-05-18T14:40:40.746638,GB,Windows,1,0,2,41.12,0
62fa934c6fc1,31294,0.82,2025-04-17T20:53:08.746656,GB,iOS,1,0,0,47.32,0
7f8cc784502a,27247,10.87,2025-05-07T08:22:28.746680,GB,iOS,1,0,4,66.93,0
ddc6640f54fe,14111,139.76,2025-05-09T08:50:03.746703,DE,Android,1,0,4,0.29,0
c2bbaa333b37,65014,32.84,2025-03-25T21:43:49.746722,GB,macOS,1,0,5,36.49,0
b2215f011260,10064,92.57,2025-05-10T09:28:45.746746,US,iOS,0,0,0,63.75,0
c8d0860d12c1,26896,72.98,2025-04-13T02:42:05.746768,US,iOS,0,0,5,61.12,0
70355a7c3449,47413,40.2,2025-03-30T00:53:27.746788,IN,iOS,1,1,6,50.96,0
15178f39974b,14774,126.32,2025-05-14T12:29:22.746808,US,iOS,0,0,5,23.0,0
6e5d01ec6720,21436,82.22,2025-04-20T05:17:39.746827,US,Windows,0,0,4,48.41,0
ad704ce8476d,86005,152.18,2025-05-06T17:07:12.746847,US,Windows,0,0,1,39.45,0
8c5a098e6e2c,11216,24.98,2025-04-23T01:41:17.746866,US,iOS,0,0,4,21.11,0
045af1915a55,39704,13.27,2025-04-29T10:52:38.746889,FR,Android,1,0,3,60.73,0
9bb3fb57b72d,70522,320.76,2025-03-30T23:07:53.746908,DE,macOS,1,0,2,24.28,0
ade3aaff3691,80718,265.19,2025-04-24T01:53:13.746933,US,macOS,0,0,2,42.1,0
5d7091a5bfcf,24375,64.27,2025-05-03T17:23:16.746952,IN,iOS,1,1,6,50.56,0
2a540d814900,92490,35.93,2025-05-07T05:17:13.746971,FR,Windows,1,0,1,54.6,0
99b6bf68d384,21415,12.75,2025-04-19T18:34:48.746988,IN,macOS,1,1,4,6.52,0
c4ac263f0d34,81387,23.89,2025-04-14T11:46:23.747006,US,Windows,0,0,3,90.47,0
abc30c61b048,38801,91.27,2025-04-02T15:09:39.747025,CN,Android,1,1,5,58.56,0
b564a23606e3,71206,7.89,2025-04-26T05:19:37.747044,US,Android,0,0,5,43.47,0
eeecf3af5239,42403,144.36,2025-05-15T07:26:07.747062,DE,macOS,1,0,1,62.35,0
09f1df615228,99421,76.48,2025-04-22T20:07:02.747087,IN,macOS,1,1,6,65.37,0
ee7b90a3002a,76581,123.7,2025-05-07T00:25:49.747106,GB,Android,1,0,0,60.48,0
1459b6c571ed,45460,66.79,2025-03-21T17:27:29.747125,CN,Windows,1,1,1,88.34,0
d368e1b5a104,61699,13.57,2025-03-29T07:30:32.747145,GB,iOS,1,0,0,16.83,0
01de8eb1aafc,74295,100.24,2025-04-21T19:40:36.747165,IN,iOS,1,1,2,44.77,0
5336fe7358e5,41173,209.94,2025-04-24T00:49:47.747184,CN,iOS,1,1,1,54.53,0
3d67aba2afce,75323,127.79,2025-04-17T07:35:33.747204,GB,iOS,1,0,3,56.88,0
27344b2fd201,58213,2.15,2025-03-25T10:23:47.747223,US,macOS,0,0,5,77.83,0
60c2587d53a2,93981,235.12,2025-05-19T03:40:32.747242,GB,macOS,1,0,2,34.29,0
4994147a89a5,43242,203.64,2025-03-25T19:18:19.747260,IN,iOS,1,1,3,43.85,0
a323184215f7,85857,6.41,2025-04-09T22:19:19.747286,IN,iOS,1,1,4,32.64,0
c0a0735dc3a0,35213,91.62,2025-04-29T14:24:12.747304,IN,Windows,1,1,6,24.21,0
2afff1793047,95193,24.32,2025-04-27T11:38:48.747322,IN,Windows,1,1,5,66.06,0
6d03b3d311d2,31324,125.02,2025-05-06T11:24:56.747340,FR,iOS,1,0,6,8.23,0
05f8552e5b63,37856,3.47,2025-05-03T11:47:16.747360,CN,macOS,1,1,1,60.99,0
03117fabced6,13300,172.9,2025-04-02T06:50:26.747378,IN,macOS,1,1,4,98.84,0
0fd9f4739bd7,52747,67.51,2025-03-23T04:15:03.747399,DE,iOS,1,0,0,54.42,0
4eaf25482afc,76476,120.52,2025-05-06T15:00:02.747417,IN,Android,1,1,0,30.95,0
a312f8d961fd,37769,255.44,2025-05-04T04:49:12.747435,GB,Windows,1,0,4,40.44,0
445201cd1feb,80846,144.85,2025-04-02T23:47:13.747454,US,iOS,0,0,2,58.83,0
36d0288f0691,30816,18.61,2025-04-15T10:54:07.747478,GB,macOS,1,0,0,55.45,0
d186549fbf65,53718,5.94,2025-04-13T13:27:58.747497,IN,iOS,1,1,0,70.33,0
ea06050da2e7,16639,56.13,2025-03-29T09:07:53.747516,IN,Windows,1,1,5,51.25,0
a67edf846539,78006,25.74,2025-04-16T16:33:07.747534,CN,macOS,1,1,5,64.33,0
120a59a3bbfe,40237,23.07,2025-04-12T10:23:05.747556,US,Android,0,0,3,47.94,0
6639e7dd7ab2,53174,9.6,2025-05-05T04:20:52.747578,IN,iOS,1,1,5,14.72,0
019205053974,74644,93.59,2025-05-10T21:45:21.747597,US,iOS,0,0,3,34.75,0
9d9a813bd031,23761,33.74,2025-03-22T19:48:18.747615,GB,Windows,1,0,4,56.39,0
0c2ad2bbeb47,32104,46.41,2025-05-14T12:05:15.747633,CN,Windows,1,1,2,46.77,0
b047afb0ff7e,13783,123.39,2025-03-26T02:26:53.747652,IN,Android,1,1,3,10.57,0
49e733186068,95202,10.82,2025-04-28T07:45:22.747674,GB,iOS,1,0,5,38.62,0
79f67455ae29,74322,25.88,2025-04-14T14:44:33.747693,US,Android,0,0,6,33.59,0
5bde5dee2cc3,49936,24.3,2025-05-11T17:30:15.747715,US,macOS,0,0,6,42.43,0
366b872c7efa,76194,8.46,2025-04-06T20:17:38.747734,IN,iOS,1,1,6,69.52,0
f9f6a422d1b0,58061,131.18,2025-05-03T10:05:20.747754,US,macOS,0,0,0,42.26,0
eb5d17687f7b,89372,24.28,2025-04-08T07:47:37.747771,US,iOS,0,0,6,103.46,0
66a2b5ed2f46,95288,50.49,2025-04-24T06:37:09.747791,DE,Windows,1,0,5,29.42,0
d90a34122dae,86229,120.76,2025-05-16T11:53:01.747809,US,Android,0,0,1,49.78,0
db859b2528f5,68841,18.11,2025-03-21T17:36:50.747845,DE,Android,1,0,0,40.74,0
73018f8ab209,39428,93.78,2025-05-17T06:02:09.747868,IN,iOS,1,1,1,50.07,0
6be345c9c410,21775,57.27,2025-04-13T11:41:46.747891,US,iOS,0,0,6,29.51,0
fe2b01bc91bf,46807,53.56,2025-03-30T04:31:52.747909,CN,macOS,1,1,2,46.41,0
d9f0b9d8a4cc,63924,158.31,2025-04-11T12:04:36.747928,CN,iOS,1,1,1,35.33,0
56928743be2b,60736,23.14,2025-05-12T18:56:55.747947,DE,macOS,1,0,3,42.53,0
70c3c9709807,60595,319.03,2025-04-18T16:27:49.747968,US,macOS,0,0,5,53.18,0
f914780fb224,27482,24.11,2025-05-11T03:01:35.747985,DE,iOS,1,0,5,47.15,0
062bdcbb0a7d,31618,95.8,2025-03-27T05:17:25.748005,FR,Windows,1,0,6,29.82,0
b9d3a9898065,54551,16.94,2025-05-03T05:02:12.748024,FR,macOS,1,0,3,38.69,0
135f6e26b953,44595,56.56,2025-03-23T02:35:06.748043,GB,iOS,1,0,5,12.98,0
1c1090e295af,26551,149.32,2025-04-17T11:36:29.748062,FR,iOS,1,0,5,90.66,0
a0267065dc10,44143,72.33,2025-04-03T21:22:36.748084,DE,macOS,1,0,4,40.08,0
71b6425edbe8,82402,0.25,2025-04-03T04:27:52.748102,IN,iOS,1,1,4,32.75,0
d1b8fa89e351,36576,42.51,2025-04-19T20:42:56.748122,US,macOS,0,0,2,17.48,0
0ed41b08e4a6,55667,86.46,2025-04-21T14:02:32.748139,IN,macOS,1,1,1,32.38,0
4ae04612a4ac,61936,143.08,2025-04-15T01:03:50.748159,CN,Windows,1,1,2,44.85,0
a4be06b95b9b,86710,33.52,2025-03-29T07:33:38.748177,GB,Android,1,0,0,37.0,0
e1fd530ee887,69785,122.53,2025-04-06T18:23:12.748199,IN,macOS,1,1,6,8.71,0
eb44005402e1,14191,165.78,2025-03-26T17:17:27.748217,US,Windows,0,0,2,19.21,0
9dac05de493e,73172,111.75,2025-05-09T23:54:25.748237,GB,iOS,1,0,5,88.31,0
6e14d470164c,94305,27.53,2025-05-08T13:14:12.748254,US,Windows,0,0,0,13.48,0
ddb66a163b52,14408,45.0,2025-05-18T06:14:51.748276,GB,Windows,1,0,1,55.84,0
bdd5e01eb548,65860,22.01,2025-03-21T18:00:47.748295,US,Windows,0,0,1,54.25,0
6ace2834deff,82786,11.69,2025-05-11T05:18:04.748314,US,macOS,0,0,6,52.68,0
a6dabea93a67,20597,105.0,2025-04-06T13:34:35.748332,DE,macOS,1,0,0,43.9,0
58128da64487,89535,91.94,2025-05-15T00:41:15.748353,IN,macOS,1,1,0,48.95,0
6ff9f3f8f334,50167,18.33,2025-04-19T02:14:39.748371,FR,Android,1,0,3,51.35,0
64b4713fd27f,62884,46.2,2025-04-04T03:28:26.748389,US,iOS,0,0,6,53.76,0
83fa61612f08,47550,264.76,2025-04-10T03:53:19.748407,CN,iOS,1,1,6,54.88,0
794da304fd03,86419,21.18,2025-05-06T14:33:03.748431,CN,Windows,1,1,1,30.33,0
b08cd0e6ca21,38764,131.77,2025-05-10T08:13:19.748449,GB,Windows,1,0,3,56.54,0
81e73bdbdae4,11235,26.86,2025-04-12T23:48:50.748471,IN,Windows,1,1,4,70.54,0
d8fa80a4cf88,88036,54.25,2025-04-01T09:30:47.748518,CN,iOS,1,1,4,60.84,0
5d1a73382ee5,22177,131.94,2025-04-15T17:14:53.748540,IN,Windows,1,1,1,40.79,0
ce8791bb21be,29491,98.51,2025-04-30T01:33:51.748558,IN,iOS,1,1,3,71.85,0
b216a6f441ce,64305,98.19,2025-04-15T00:21:06.748577,IN,Android,1,1,0,51.5,0
ec770126995d,80906,18.17,2025-03-27T10:19:04.748596,GB,Windows,1,0,1,45.11,0
745037eabc43,54769,65.57,2025-04-30T16:54:57.748614,US,macOS,0,0,2,89.97,0
2eb90c9fbedb,17669,141.23,2025-05-12T17:15:04.748633,US,iOS,0,0,1,44.82,0
e269c17baab3,63423,118.13,2025-04-14T12:45:10.748651,IN,iOS,1,1,4,39.08,0
381285f8b68d,28599,9.99,2025-04-25T15:41:39.748673,GB,Android,1,0,0,83.29,0
a1717201f83b,35829,33.17,2025-05-10T14:38:20.748696,US,iOS,0,0,4,63.17,0
2fa30768fd04,92409,172.97,2025-05-10T11:15:32.748715,IN,Windows,1,1,0,48.49,0
456659df05be,75790,3.14,2025-04-05T06:11:35.748734,GB,iOS,1,0,3,15.99,0
37bea19e7d1d,97417,1.64,2025-05-04T18:07:20.748756,CN,Windows,1,1,6,63.14,0
90940d5b2ed2,60104,234.31,2025-05-10T10:12:13.748775,IN,Windows,1,1,0,33.25,0
7964e45a72b5,67825,28.4,2025-04-22T22:11:51.748793,DE,macOS,1,0,1,50.63,0
40af49eba6bb,18991,92.58,2025-05-14T03:01:27.748813,IN,macOS,1,1,0,79.6,0
c97500cee9ef,36752,19.33,2025-04-22T13:39:26.748832,IN,Windows,1,1,0,62.2,0
bc542a2e56a0,32697,0.2,2025-04-18T15:44:49.748858,CN,iOS,1,1,3,56.41,0
eabd6972110f,93140,45.98,2025-05-16T08:17:35.748878,CN,macOS,1,1,5,52.97,0
45decc03fc57,78112,208.08,2025-03-25T00:27:38.748903,GB,Windows,1,0,0,56.99,0
63f770042c67,62645,55.55,2025-03-23T13:08:28.748922,US,iOS,0,0,2,22.46,0
f01b0b9bea58,27602,269.51,2025-04-16T16:51:26.748940,FR,Android,1,0,4,73.97,0
44c873b7c2ff,50647,112.25,2025-05-15T03:54:12.748959,IN,iOS,1,1,1,59.26,0
9fb9070eba3c,96231,194.78,2025-04-10T21:24:06.748979,CN,macOS,1,1,1,47.79,0
a81183666b0a,55879,120.28,2025-03-27T03:04:28.748997,IN,macOS,1,1,1,41.92,0
815574b69bf2,84984,130.85,2025-05-15T13:54:06.749016,DE,iOS,1,0,5,37.39,0
4e39dd8e3353,50392,135.52,2025-05-09T17:03:56.749035,US,Android,0,0,4,31.06,0
d672fac48ab9,73418,65.15,2025-05-01T05:44:08.749053,IN,iOS,1,1,1,36.74,0
22aac339d710,37415,121.42,2025-04-16T10:22:26.749071,IN,iOS,1,1,3,60.96,0
bde0d5f6c6fc,31424,25.11,2025-04-24T02:39:41.749096,US,macOS,0,0,3,56.56,0
1adac2081c10,53177,225.99,2025-05-16T10:44:56.749114,IN,macOS,1,1,3,72.99,0
612f25db1c2e,51020,546.12,2025-03-22T13:17:19.749133,GB,macOS,1,0,5,43.94,0
22a6e13b59e9,51574,44.56,2025-05-07T17:28:31.749151,FR,iOS,1,0,1,63.8,0
2f47c8ca6655,33285,37.9,2025-04-26T21:20:57.749183,US,macOS,0,0,1,50.7,0
1cafae06cf4e,74966,87.39,2025-04-24T10:17:11.749207,US,macOS,0,0,3,37.16,0
fb1f63e5568f,41101,52.1,2025-04-25T09:03:37.749228,FR,Windows,1,0,1,49.2,0
98d7bc0b7019,92359,93.03,2025-04-08T21:40:02.749246,US,Android,0,0,6,57.46,0
40e304088157,64942,16.7,2025-05-07T02:30:06.749265,CN,macOS,1,1,4,67.92,0
65e821cd9e4e,45283,26.97,2025-04-23T07:16:40.749283,FR,iOS,1,0,6,31.83,0
41ea87156a0e,68687,7.93,2025-05-03T11:27:53.749308,US,iOS,0,0,5,27.81,0
8b2a23183b13,11308,17.55,2025-04-29T00:52:57.749326,GB,iOS,1,0,5,29.05,0
3bbb8b2e54f8,21854,31.28,2025-04-24T10:24:38.749345,US,Windows,0,0,5,56.27,0
1bad6f49bc63,31241,31.83,2025-03-20T15:28:43.749363,US,macOS,0,0,4,36.39,0
f39787207854,29388,61.65,2025-05-13T16:18:28.749383,IN,Android,1,1,3,32.55,0
3b674c9a07ec,28919,31.7,2025-04-20T02:04:04.749400,IN,Android,1,1,1,44.15,0
642984729944,20531,88.72,2025-05-05T01:19:33.749420,IN,iOS,1,1,3,58.16,0
e8f636bad0d7,61300,48.11,2025-05-13T23:47:01.749438,GB,macOS,1,0,1,25.89,0
0552c1d45085,11531,125.96,2025-05-05T04:55:01.749456,US,Android,0,0,1,60.71,0
cfa8c6871fc6,66404,8.72,2025-05-12T14:30:33.749475,FR,iOS,1,0,3,39.62,0
b4e6558fd29b,45469,124.86,2025-03-30T21:26:51.749503,IN,Android,1,1,1,58.29,0
fcff5d080267,92653,497.42,2025-04-08T08:21:01.749521,GB,Windows,1,0,3,90.97,0
c9a1c1e7f0dc,24139,35.35,2025-04-03T00:25:58.749542,US,Windows,0,0,1,37.72,0
0ffbec6a5e7e,49706,38.78,2025-03-26T01:39:14.749560,US,iOS,0,0,2,46.19,0
86c9a7bf05a4,14410,111.17,2025-05-08T22:15:14.749580,IN,Windows,1,1,2,21.93,0
a5c12c284e33,62626,5.96,2025-04-12T18:37:53.749598,IN,Android,1,1,1,57.63,0
206af89e81c1,64023,48.45,2025-03-26T16:19:49.749617,US,Android,0,0,5,43.79,0
a39e6b516c0a,55045,151.68,2025-03-24T02:58:21.749635,US,iOS,0,0,3,53.85,0
dd87e889560a,71886,7.2,2025-04-18T00:51:56.749653,GB,iOS,1,0,3,57.13,0
b2f698ee433e,62359,63.73,2025-05-16T23:26:01.749672,US,Windows,0,0,6,68.48,0
39a00bd5e761,52933,311.41,2025-04-07T15:57:39.749694,FR,iOS,1,0,2,62.31,0
057c62b06908,67946,7.99,2025-05-01T05:26:44.749713,IN,Windows,1,1,5,48.26,0
e8f48cbacc90,27637,201.22,2025-04-30T04:58:18.749732,US,Windows,0,0,4,68.3,0
ae92986e9709,38757,28.56,2025-03-22T20:36:39.749751,CN,Android,1,1,0,44.8,0
c533518272a8,23344,93.75,2025-05-03T22:15:54.749771,CN,macOS,1,1,5,0.0,0
170fdf8212d2,95657,20.01,2025-04-12T21:37:11.749797,IN,Android,1,1,6,59.18,0
b71a0b63feb6,46667,11.88,2025-05-06T20:01:15.749820,DE,Windows,1,0,4,19.14,0
261854587280,42913,114.44,2025-05-10T08:30:03.749839,FR,Android,1,0,2,62.24,0
43808307445c,19469,54.63,2025-05-15T17:09:18.749858,GB,iOS,1,0,0,43.28,0
a098b795856f,82804,12.98,2025-04-26T14:48:53.749876,FR,Windows,1,0,3,69.7,0
56060a6fb667,64176,13.98,2025-03-31T02:56:06.749900,GB,Android,1,0,1,40.91,0
7f95d195920d,48122,211.17,2025-05-15T20:41:22.749919,IN,Android,1,1,6,66.32,0
1c7a414ab241,60368,177.88,2025-04-06T17:56:29.749937,DE,macOS,1,0,5,73.82,0
680ccf675fd6,92001,53.48,2025-04-04T18:42:56.749955,CN,macOS,1,1,5,35.67,0
af6a4e1269be,73075,58.13,2025-04-29T06:29:28.749974,FR,Windows,1,0,3,56.45,0
99606bb45ddf,43316,67.37,2025-04-24T12:22:32.749993,GB,macOS,1,0,3,32.45,0
e86947871cb2,35954,78.32,2025-03-29T12:08:28.750012,GB,macOS,1,0,5,51.88,0
2c9e82152cb5,99786,21.17,2025-05-10T04:21:46.750031,US,iOS,0,0,4,55.49,0
f9f552849f1f,10405,16.8,2025-05-13T00:15:00.750049,FR,Android,1,0,6,62.53,0
53bd467d13f4,54270,57.32,2025-04-26T01:07:25.750068,GB,Windows,1,0,2,21.01,0
2481dfcaa491,77931,24.8,2025-04-19T10:08:56.750090,DE,iOS,1,0,3,40.07,0
0635a431e227,15124,39.53,2025-04-12T15:55:30.750110,GB,Windows,1,0,1,50.29,0
e19bececd57f,96684,86.31,2025-04-30T18:17:58.750133,FR,iOS,1,0,1,35.62,0
a9506eea596f,51515,11.83,2025-04-29T06:05:57.750156,GB,Windows,1,0,4,67.85,0
8036dccada79,35834,29.56,2025-05-06T23:04:36.750177,CN,macOS,1,1,5,26.75,0
6cd0262d6ed5,43093,126.87,2025-05-09T08:24:39.750196,GB,Windows,1,0,0,68.73,0
f0111d833bcf,49739,1.21,2025-04-13T06:37:17.750215,CN,iOS,1,1,1,59.89,0
192babe60cb6,12004,193.87,2025-04-04T04:16:45.750233,US,Android,0,0,1,24.46,0
e526655eab1b,15905,49.14,2025-05-14T02:11:49.750252,GB,Windows,1,0,3,34.87,0
cf712ac0ea73,77871,351.04,2025-03-23T16:20:19.750269,GB,macOS,1,0,4,57.42,0
429f2bc970f6,66489,97.51,2025-05-02T11:55:29.750293,IN,Windows,1,1,3,66.81,0
437d4f425723,21951,295.06,2025-03-26T21:09:31.750313,US,Windows,0,0,5,47.9,0
223236aa5f17,21797,134.83,2025-03-21T03:39:23.750332,US,Android,0,0,6,85.66,0
e10d7c867888,89196,34.67,2025-04-22T15:45:06.750351,US,Windows,0,0,3,74.88,0
22c5078cf63e,22239,42.21,2025-05-05T05:11:45.750370,GB,iOS,1,0,2,25.74,0
ee64e0f111cf,27872,37.24,2025-05-13T10:54:32.750388,GB,iOS,1,0,1,77.48,0
28bdbf83bc6c,44450,184.75,2025-04-20T06:58:56.750407,US,Android,0,0,2,31.58,0
629f965f5021,84799,24.93,2025-03-21T14:43:51.750425,US,macOS,0,0,4,50.13,0
4c11ba355ec1,23464,6.64,2025-04-06T18:28:17.750445,US,macOS,0,0,0,49.58,0
7ed1280a87b2,94741,428.43,2025-04-14T10:27:31.750463,US,Windows,0,0,2,57.94,0
cc8c30e24777,79634,9.8,2025-04-24T01:48:37.750505,US,macOS,0,0,6,54.35,0
84af0ec9f031,30401,352.81,2025-04-03T10:18:33.750546,CN,Android,1,1,0,7.06,1
66a005f36373,99260,297.16,2025-04-19T09:40:36.750568,US,Windows,0,0,5,83.12,0
04fffdfab440,63552,111.63,2025-03-21T15:19:55.750586,GB,iOS,1,0,6,60.56,0
4c8dc1c372d1,67570,210.11,2025-05-03T08:42:19.750606,CN,iOS,1,1,0,61.42,0
6284b602f599,99089,161.57,2025-04-19T08:53:39.750624,GB,iOS,1,0,2,51.8,0
b793a6af81d0,73124,36.68,2025-03-31T19:42:40.750643,US,iOS,0,0,5,38.83,0
5ff7e1921ea5,18038,35.59,2025-04-30T11:17:34.750662,IN,Windows,1,1,1,76.43,0
0c65abe1ecdd,42919,6.16,2025-03-30T23:16:45.750680,US,Android,0,0,3,84.15,0
4efe226b415c,49898,20.83,2025-04-22T07:45:22.750698,DE,Android,1,0,2,44.94,0
b83ff6495fc2,34857,19.01,2025-05-03T19:00:08.750720,IN,macOS,1,1,6,68.26,0
b3d1125b4ca8,73477,48.58,2025-03-24T16:37:54.750739,CN,macOS,1,1,1,45.8,0
2161199612f5,42582,338.93,2025-05-05T20:41:41.750758,US,iOS,0,0,4,25.47,0
c4de5cb0f294,73000,198.44,2025-04-08T20:09:41.750776,CN,macOS,1,1,0,54.34,0
244151ab2bc5,52725,50.5,2025-05-11T09:55:39.750801,IN,macOS,1,1,5,60.16,0
9372b2c7268d,37784,118.52,2025-03-31T06:34:19.750822,GB,iOS,1,0,3,0.0,0
557ba169de89,98541,27.68,2025-04-06T16:22:45.750841,DE,iOS,1,0,0,0.0,0
6555ff9ea3df,93809,28.15,2025-03-24T11:50:11.750860,FR,iOS,1,0,5,70.82,0
d55401df9f6d,97090,72.6,2025-03-30T23:43:16.750881,FR,Android,1,0,1,51.62,0
90c1bcd3571a,12565,82.19,2025-05-10T14:55:53.750900,FR,iOS,1,0,2,59.29,0
4fbfe6d898e8,86231,342.36,2025-04-28T18:31:50.750921,US,macOS,0,0,5,65.63,0
4a775ea29dd7,83274,114.5,2025-04-16T17:27:28.750939,IN,macOS,1,1,4,91.92,0
4e0711af912d,97503,54.37,2025-05-06T12:58:11.750958,US,iOS,0,0,1,67.45,0
102eb01b577e,17064,86.06,2025-03-30T08:48:09.750977,GB,Windows,1,0,0,23.73,0
d052d2d74594,12873,7.08,2025-05-16T01:07:01.750996,CN,Android,1,1,0,55.49,0
f3c429aff80c,64879,42.47,2025-04-23T02:19:04.751014,US,Windows,0,0,1,88.8,0
164a474a970f,93133,15.16,2025-04-17T10:06:55.751036,US,Android,0,0,0,19.47,0
e6f8bd902867,94217,14.84,2025-03-31T22:45:55.751054,IN,Windows,1,1,0,30.07,0
d1ea7ed08554,96549,23.08,2025-03-23T16:33:43.751072,IN,macOS,1,1,3,41.62,0
da968afca6cf,65225,35.98,2025-04-28T11:42:47.751091,IN,Android,1,1,2,46.93,0
d30d6f70cc21,66163,259.67,2025-03-23T07:24:25.751114,GB,macOS,1,0,4,68.66,0
f2f8062424ef,89834,170.29,2025-04-10T07:32:27.751132,GB,Windows,1,0,2,48.34,0
f66d288440ce,16169,116.08,2025-04-11T13:20:45.751150,FR,macOS,1,0,4,31.46,0
400476bb80b6,12807,113.05,2025-04-14T02:35:01.751168,CN,macOS,1,1,4,54.27,0
6bb6c8f9ff64,55444,91.74,2025-03-23T09:40:23.751187,US,Android,0,0,2,47.4,0
9ad481dc3a6b,74783,53.32,2025-05-17T16:48:34.751206,IN,iOS,1,1,4,61.29,0
e85d91045f66,51699,151.62,2025-03-25T13:22:03.751224,US,iOS,0,0,2,52.28,0
b428e54010de,90014,118.18,2025-03-26T02:32:55.751242,US,iOS,0,0,4,48.71,0
6c685d3d6479,37092,83.51,2025-04-03T16:06:56.751263,US,iOS,0,0,3,59.33,0
eff63dc58c00,96795,13.08,2025-03-25T01:35:25.751282,IN,iOS,1,1,5,55.71,0
5bd75fccbfc9,47079,25.23,2025-04-24T21:33:20.751303,IN,macOS,1,1,3,51.51,0
2574c66069af,76239,40.68,2025-05-02T10:37:29.751322,US,Android,0,0,1,47.33,0
7df6ed8bed4c,80659,43.77,2025-05-08T09:20:06.751342,US,Windows,0,0,3,50.5,0
095a4020ceca,33552,112.05,2025-05-03T23:37:22.751360,CN,iOS,1,1,6,48.7,0
1d9e24f80bea,69707,18.46,2025-04-20T20:55:06.751379,IN,Android,1,1,3,74.45,0
902cba1651b2,59346,155.06,2025-04-09T05:48:04.751397,IN,Windows,1,1,0,47.13,0
1fc016281324,93654,84.26,2025-04-28T15:21:18.751422,GB,Windows,1,0,1,74.47,0
23eb4ffb3caf,14631,143.7,2025-03-30T20:31:11.751441,IN,Windows,1,1,1,48.11,0
d81ad46fddb5,39162,289.99,2025-04-22T09:01:26.751459,CN,Windows,1,1,1,52.52,0
54e3a7958e1a,92576,32.89,2025-05-20T04:40:15.751478,CN,Windows,1,1,1,63.83,0
8ea3f6621599,85540,119.83,2025-04-29T22:42:07.751500,CN,macOS,1,1,1,47.8,0
1b382363eed5,47687,88.09,2025-04-01T15:45:26.751519,US,Windows,0,0,1,65.94,0
6ec988f43dd2,52779,21.55,2025-04-11T12:54:47.751538,GB,macOS,1,0,1,40.39,0
8ae5539f8ece,21548,31.63,2025-04-01T02:36:45.751556,US,Android,0,0,2,72.88,0
cd4543e6fca8,13580,49.38,2025-05-06T17:38:57.751576,GB,Windows,1,0,6,49.81,0
db017cefc22a,19294,52.33,2025-04-10T01:45:29.751594,US,iOS,0,0,2,21.36,0
9eea7ff81ce7,13971,192.64,2025-03-24T16:37:33.751613,GB,Windows,1,0,4,46.34,0
21b9b28ae90e,60696,58.52,2025-05-18T19:03:50.751631,US,macOS,0,0,3,51.36,0
27bfff03e041,97631,365.21,2025-04-22T20:29:06.751649,US,Android,0,0,5,73.63,0
dcc41a7c3f87,99333,92.73,2025-04-30T07:16:56.751667,GB,macOS,1,0,0,33.62,0
abd66a5909b2,71205,53.72,2025-03-22T20:29:29.751688,CN,iOS,1,1,4,47.45,0
b717ad54859e,75122,87.81,2025-04-11T19:38:32.751706,US,Windows,0,0,4,24.49,0
50cd8f8a69c1,37791,55.88,2025-04-04T08:02:56.751727,CN,Android,1,1,1,50.21,0
7a93e725542f,88483,63.76,2025-03-24T08:30:08.751746,IN,iOS,1,1,2,81.62,0
986def9672f9,38705,80.44,2025-05-16T00:19:50.751765,US,Android,0,0,4,44.07,0
8126582a3eec,63090,30.5,2025-05-16T01:50:35.751783,CN,macOS,1,1,6,46.88,0
d8019fda2c79,77348,27.28,2025-05-14T06:01:56.751805,US,macOS,0,0,5,68.99,0
37f2b15fb29c,42875,48.74,2025-03-21T14:34:21.751824,US,Windows,0,0,6,71.63,0
766d47923796,44421,2.8,2025-04-03T13:19:28.751857,GB,Android,1,0,3,48.39,0
95df0de7e0a1,70456,87.82,2025-03-28T18:18:32.751925,IN,iOS,1,1,6,42.96,0
7e80c1d947cc,63181,45.86,2025-05-03T15:51:52.751947,FR,Android,1,0,4,40.13,0
a06a5a642aec,80650,5.58,2025-04-22T16:49:17.751960,IN,iOS,1,1,1,48.64,0
4d4a68569d64,12885,249.72,2025-05-11T06:32:53.751977,US,iOS,0,0,6,44.92,0
38161654c782,57518,17.39,2025-04-08T18:46:19.751996,IN,Windows,1,1,0,39.97,0
ea7d69c73385,16428,42.13,2025-05-13T05:10:19.752015,US,macOS,0,0,3,64.49,0
4fb8dad05c24,18324,16.94,2025-04-15T09:53:01.752034,DE,Android,1,0,2,27.12,0
3f8144a2f0d2,44068,88.82,2025-03-22T08:47:53.752053,CN,iOS,1,1,0,35.18,0
bad61dfc06d2,44225,9.28,2025-05-05T04:23:44.752075,FR,macOS,1,0,0,22.2,0
f1ec3412dc77,84247,73.08,2025-05-02T16:54:53.752095,CN,macOS,1,1,3,58.26,0
e35609ad6e12,52516,74.47,2025-04-02T11:38:09.752113,DE,Android,1,0,6,45.32,0
9daa988be152,97342,30.95,2025-04-23T12:38:43.752135,IN,iOS,1,1,0,34.91,0
83b8e13d8d9b,66781,139.67,2025-05-02T05:06:04.752153,IN,macOS,1,1,4,49.86,0
d52e07097232,60573,366.51,2025-05-19T09:21:13.752172,US,Windows,0,0,3,29.38,0
2c5119749a64,29876,137.89,2025-04-30T20:12:26.752190,FR,iOS,1,0,6,66.71,0
2191262afb8b,25611,155.16,2025-05-16T09:21:56.752210,GB,macOS,1,0,5,65.3,0
46e7b0a2f7f0,53608,2.32,2025-04-13T15:29:36.752229,GB,Windows,1,0,5,47.44,0
f51238972138,66210,105.08,2025-05-08T04:29:49.752248,FR,Android,1,0,4,23.03,0
4b283a50823b,43298,3.05,2025-05-17T09:29:12.752267,FR,iOS,1,0,5,93.3,0
951c493c2c2e,96260,31.44,2025-04-30T09:41:08.752287,US,Windows,0,0,5,22.58,0
fe2241a4fa75,27137,197.57,2025-05-05T13:27:34.752305,DE,Android,1,0,6,31.15,0
bb35849f80a3,85591,15.31,2025-04-02T17:22:53.752326,CN,iOS,1,1,4,40.73,0
93dcd705496b,83837,55.84,2025-04-05T13:35:08.752345,GB,Android,1,0,0,33.26,0
0cda59033470,40795,170.62,2025-03-21T08:22:45.752363,US,Windows,0,0,2,49.33,0
1fc9fed55289,12380,28.49,2025-05-16T15:54:52.752382,US,Android,0,0,3,45.65,0
37bb9d5c67a2,15965,33.69,2025-04-15T21:15:53.752401,IN,Android,1,1,1,48.43,0
26fa4f6d9b07,73952,280.84,2025-03-25T05:08:12.752419,US,macOS,0,0,4,63.23,0
d6ab3741956e,31153,51.43,2025-04-13T20:52:28.752438,GB,Windows,1,0,6,60.64,0
0acf05e52b3a,26287,149.79,2025-04-16T04:46:02.752456,GB,macOS,1,0,0,74.25,0
3cf6c11f786b,55823,118.24,2025-04-11T01:18:44.752475,IN,Android,1,1,6,27.52,0
6eaeddd66627,56508,54.29,2025-04-16T17:07:01.752519,GB,iOS,1,0,4,77.74,0
261442974c9d,58608,141.46,2025-05-06T16:52:37.752545,GB,Android,1,0,0,73.18,0
42e102d5355b,96660,149.0,2025-04-21T12:58:18.752563,FR,Android,1,0,6,47.5,0
6e380991dbc8,39418,0.21,2025-04-30T02:23:59.753042,US,macOS,0,0,1,40.41,0
b10cd61384d1,98112,101.31,2025-03-25T10:56:44.753064,US,Android,0,0,4,58.87,0
ff94ed043305,66040,11.37,2025-04-29T17:26:02.753081,US,Windows,0,0,2,44.69,0
aedd32458bf4,71788,16.11,2025-04-12T09:25:08.753095,GB,Android,1,0,5,73.84,0
c28839e68307,67861,84.83,2025-04-17T20:37:13.753110,GB,Windows,1,0,2,38.34,0
5647685205ec,51685,98.97,2025-05-14T00:03:58.753124,US,macOS,0,0,4,76.63,0
d61e00af9daf,74390,322.55,2025-03-22T23:57:37.753153,US,Windows,0,0,6,59.51,0
03f11969a4d8,20331,1.27,2025-04-02T06:42:06.753173,IN,iOS,1,1,5,29.16,0
8c817c1f9348,71268,321.27,2025-04-10T22:22:09.753192,US,Windows,0,0,4,37.21,0
0005b7c46809,33028,150.13,2025-05-14T15:13:55.753207,US,Windows,0,0,6,17.53,0
0fec455891af,31895,62.17,2025-05-19T12:20:58.753221,CN,Android,1,1,6,24.37,0
094eef5f5348,76215,14.84,2025-04-24T03:17:10.753236,US,Android,0,0,1,74.05,0
a1eeba755143,84780,103.47,2025-04-14T00:11:44.753251,GB,macOS,1,0,1,69.01,0
8ef08f6694c4,59984,111.55,2025-05-15T04:01:07.753264,US,Windows,0,0,1,33.05,0
91d4c4349d6e,19703,249.05,2025-05-10T18:31:51.753277,IN,iOS,1,1,1,51.34,0
7acbc66553fb,34557,145.32,2025-04-29T06:14:15.753294,IN,iOS,1,1,4,58.61,0
e83b7da74140,69782,88.64,2025-05-19T22:16:36.753310,GB,Android,1,0,0,32.17,0
099ca3a381e2,23496,13.64,2025-04-30T03:19:27.753322,CN,Windows,1,1,0,72.72,0
d851a41e02a1,34036,255.29,2025-04-12T03:42:50.753340,GB,Android,1,0,6,51.7,0
a6dff51036a2,65768,58.6,2025-05-15T02:35:16.753354,IN,macOS,1,1,5,33.05,0
5a41c29e1440,30352,172.35,2025-03-30T19:57:35.753367,US,macOS,0,0,6,15.96,0
25321d267486,73207,327.1,2025-04-04T02:00:43.753380,CN,Android,1,1,2,96.28,1
bc310dd49070,19219,292.51,2025-03-24T15:09:23.753394,IN,Android,1,1,2,70.52,0
09d1c9a6897d,52291,13.56,2025-04-12T16:26:53.753407,GB,iOS,1,0,1,62.64,0
0be9e266759c,25929,128.44,2025-04-15T00:10:01.753421,FR,Android,1,0,4,53.27,0
e22db3fed439,10442,232.48,2025-04-10T13:51:15.753434,US,Android,0,0,3,34.88,0
67c7a9352e6a,67000,57.1,2025-05-14T17:03:21.753447,DE,iOS,1,0,1,57.93,0
931a22d73f21,96864,131.75,2025-03-24T14:06:35.753461,IN,iOS,1,1,1,35.1,0
a9ed7df25491,47542,181.15,2025-03-26T17:53:25.753489,DE,Windows,1,0,3,25.25,0
a2cd06b56b86,28650,29.38,2025-04-04T11:30:34.753507,DE,macOS,1,0,2,48.06,0
aa19600bd152,49061,48.73,2025-03-27T12:47:21.753521,US,Windows,0,0,2,75.3,0
b483849c720e,23898,82.36,2025-04-16T04:12:11.753537,US,Windows,0,0,4,47.57,0
db8a09002ff4,32995,21.23,2025-04-01T08:58:25.753558,IN,iOS,1,1,1,30.67,0
86f0243764f6,68672,60.71,2025-04-09T00:33:10.753577,GB,Windows,1,0,4,64.45,0
3e546e01ece6,25352,71.11,2025-04-01T23:43:49.753596,US,Android,0,0,0,75.07,0
25dbe4870a75,75006,159.96,2025-03-20T23:36:41.753614,GB,Android,1,0,6,24.92,0
dd9380b9b101,51829,291.96,2025-04-14T03:31:27.753633,IN,macOS,1,1,5,83.72,0
48b475a73de3,30514,88.04,2025-04-21T12:43:24.753651,US,Windows,0,0,3,62.67,0
a304c1423456,13171,37.42,2025-04-03T03:43:53.753675,FR,Android,1,0,4,95.69,0
15b73e4740e6,33738,244.74,2025-04-26T04:49:51.753698,US,Windows,0,0,1,32.18,0
e5e41b83824f,61354,4.83,2025-03-24T23:12:21.753717,IN,Windows,1,1,1,41.91,0
b27c88395457,49360,69.41,2025-04-21T07:26:33.753735,US,iOS,0,0,0,28.08,0
3e632429ff0d,68814,9.62,2025-03-28T02:53:28.753755,US,iOS,0,0,1,36.65,0
04525697c6d0,10232,69.47,2025-03-23T10:23:15.753773,IN,Android,1,1,6,60.01,0
cb828ac02795,57975,11.57,2025-05-01T14:54:32.753793,GB,iOS,1,0,2,72.2,0
045fb4eaaedb,81623,184.15,2025-04-07T19:00:44.753812,IN,macOS,1,1,2,56.19,0
71290594e84f,82611,51.0,2025-05-19T18:38:00.753831,CN,macOS,1,1,2,56.16,0
d32c988546d9,32888,42.07,2025-03-21T19:57:00.753850,IN,Android,1,1,5,82.23,0
5469a162c95b,77893,147.39,2025-04-29T18:34:44.753876,DE,Windows,1,0,5,41.03,0
3bd055922cb3,81308,80.77,2025-04-05T21:42:07.753895,US,iOS,0,0,4,59.6,0
8d949e09a0ac,63959,39.28,2025-05-03T05:17:55.753915,FR,macOS,1,0,0,46.86,0
89f9aae3bb17,19743,42.62,2025-05-20T09:11:41.753933,IN,macOS,1,1,2,48.84,0
d3f03b632c19,24805,19.1,2025-04-06T02:50:46.753957,IN,macOS,1,1,0,64.15,0
6c76f43171f6,68867,159.77,2025-04-12T18:50:31.753977,CN,Android,1,1,3,9.8,0
4a51cfea4c67,94141,58.82,2025-04-17T13:21:21.754014,FR,macOS,1,0,4,73.51,0
664cf78a9c80,12600,82.71,2025-04-05T03:13:52.754032,US,Windows,0,0,4,63.24,0
34e6e312788f,27133,23.53,2025-05-10T18:20:53.754052,GB,Android,1,0,0,71.92,0
f0492fc4e164,73380,115.22,2025-05-19T17:02:03.754070,GB,macOS,1,0,3,35.79,0
a6f1ba25c803,95639,38.75,2025-04-26T10:13:40.754094,IN,Windows,1,1,5,56.87,0
af0f53b731f5,38142,24.77,2025-03-20T20:35:39.754113,US,Windows,0,0,6,55.64,0
fabf05af95de,44687,25.69,2025-04-24T02:25:22.754132,CN,macOS,1,1,0,44.25,0
7f8d17ef8db7,47003,149.58,2025-05-19T18:49:34.754151,CN,Android,1,1,6,42.59,0
c9c1d85a3555,30804,27.63,2025-04-24T01:23:12.754174,GB,Windows,1,0,2,58.07,0
49529158e30f,79212,333.36,2025-04-23T16:08:21.754193,CN,macOS,1,1,0,48.95,1
9833b88c3db9,84977,394.01,2025-04-22T10:32:50.754212,FR,iOS,1,0,3,3.57,0
7de2e0f2cba6,90098,109.44,2025-04-22T05:46:05.754231,IN,macOS,1,1,5,69.84,0
021a80a034db,93940,125.14,2025-04-28T06:35:17.754252,US,Windows,0,0,3,70.03,0
042aa162043e,85507,9.38,2025-05-11T20:01:07.754280,IN,Windows,1,1,3,68.05,0
118481287cb8,11976,24.06,2025-03-31T20:15:58.754307,DE,Windows,1,0,2,62.6,0
66b66b798de3,91045,35.81,2025-04-08T16:46:14.754327,FR,iOS,1,0,4,38.35,0
d6b7e1901b28,96282,86.38,2025-04-07T01:59:30.754346,GB,macOS,1,0,6,67.81,0
bb525371522c,83157,103.82,2025-04-25T01:19:56.754386,IN,iOS,1,1,2,70.9,0
ccc21daa681c,48475,17.5,2025-05-20T08:45:57.754407,US,macOS,0,0,4,51.67,0
3e166bdea6d8,27015,8.64,2025-04-09T07:05:36.754425,CN,Android,1,1,1,74.43,0
0a25de0de8d4,56032,43.82,2025-04-19T07:23:14.754444,GB,macOS,1,0,0,41.97,0
129c8ea91d91,36288,327.79,2025-04-28T05:42:40.754462,DE,Android,1,0,6,49.81,0
c40b1bd86303,35127,163.4,2025-03-25T08:52:11.754483,DE,macOS,1,0,1,102.62,0
a64e0db04c1e,30025,150.26,2025-05-14T03:35:24.754501,CN,Android,1,1,0,34.12,0
dda0384b6c66,73308,33.63,2025-04-13T21:20:16.754522,CN,Android,1,1,2,52.62,0
d99b18224e6f,17648,167.67,2025-04-22T22:29:56.754542,IN,Android,1,1,4,2.98,0
169adc2b9fb5,84351,4.03,2025-04-21T20:59:59.754563,GB,Windows,1,0,0,64.9,0
7d27947f7a02,49670,59.61,2025-04-22T17:16:13.754582,US,Windows,0,0,5,48.43,0
14a354459c09,32564,216.07,2025-03-26T08:01:15.754601,US,Windows,0,0,2,54.09,0
6a829119f633,61476,5.04,2025-04-13T08:35:03.754619,US,Android,0,0,2,49.53,0
d77fadbb4d51,51875,148.28,2025-04-13T15:16:20.754639,IN,Android,1,1,2,60.33,0
8a2802ef2c13,39196,62.44,2025-03-25T15:22:10.754657,US,macOS,0,0,6,54.2,0
1c4e22795bbc,13469,2.76,2025-04-12T04:43:42.754675,CN,Android,1,1,0,38.33,0
abdfe2b368a1,56575,36.3,2025-05-10T10:46:27.754693,US,iOS,0,0,4,53.08,0
a386427140ef,17375,54.59,2025-03-28T14:59:45.754716,IN,Android,1,1,4,69.77,0
1cf0092c43d2,56215,36.01,2025-04-05T13:18:10.754734,CN,macOS,1,1,3,52.45,0
aecf494c39fe,24606,2.27,2025-04-26T20:51:59.754753,FR,Windows,1,0,2,69.48,0
fbb24a0d21f8,24464,11.72,2025-04-12T00:27:44.754770,US,Android,0,0,1,42.7,0
beddc8b89e7e,95551,33.04,2025-03-22T19:22:38.754790,US,Android,0,0,3,33.46,0
d21e1aecac98,60448,306.98,2025-05-03T17:18:40.754808,IN,Windows,1,1,5,51.83,1
30ba72b3cb97,50436,89.05,2025-04-15T11:01:38.754831,GB,macOS,1,0,1,31.18,0
11f094f5586e,73319,120.93,2025-03-31T13:49:42.754849,DE,Windows,1,0,2,83.36,0
ca009e1af916,37676,6.27,2025-04-30T14:00:11.754869,IN,macOS,1,1,5,37.06,0
1336ba6ed1a7,88966,6.08,2025-03-28T14:22:08.754887,CN,iOS,1,1,0,31.31,0
bef9799ed696,12252,29.47,2025-04-13T19:20:55.754910,IN,iOS,1,1,1,102.72,0
8764f044cca2,84918,41.66,2025-05-08T21:48:25.754928,GB,macOS,1,0,3,35.02,0
f1e7814bca5f,40560,72.26,2025-05-06T22:28:57.754947,IN,iOS,1,1,4,56.5,0
7c726011e72f,80973,109.96,2025-03-28T11:08:12.754966,GB,macOS,1,0,2,64.66,0
37441676f092,96529,17.48,2025-04-12T10:42:04.754984,DE,iOS,1,0,5,23.58,0
fd64539fadf3,24624,128.03,2025-04-01T13:05:27.755005,US,iOS,0,0,2,26.22,0
d5a97d7a84f5,57094,15.3,2025-05-02T05:15:37.755025,DE,iOS,1,0,4,19.12,0
c844e7be7a88,86445,49.07,2025-03-28T00:24:37.755043,GB,Android,1,0,5,32.34,0
a437b4e54205,72448,46.5,2025-03-24T13:26:00.755062,US,macOS,0,0,6,38.28,0
d9a5b224806c,66057,47.98,2025-03-29T17:01:49.755080,DE,iOS,1,0,0,67.05,0
c570a9bd9719,67837,27.37,2025-03-26T16:28:20.755102,IN,Android,1,1,2,67.72,0
32d111c1c729,29321,102.56,2025-04-17T18:42:46.755121,DE,Windows,1,0,3,23.79,0
24d50c5f8dcd,83622,252.31,2025-05-01T09:33:46.755140,FR,Windows,1,0,2,39.08,0
9e470694faf4,93940,78.08,2025-05-16T11:25:49.755158,CN,Android,1,1,3,52.17,0
cec162eef3f2,45028,150.79,2025-03-28T06:33:27.755179,GB,macOS,1,0,0,32.35,0
d048b1e53727,85061,12.65,2025-05-04T16:02:58.755198,FR,macOS,1,0,6,50.47,0
23cae4df0e88,97062,10.63,2025-03-20T23:30:45.755216,GB,Windows,1,0,1,61.31,0
b66c7c747936,21198,38.25,2025-05-12T05:32:10.755234,DE,Android,1,0,6,53.32,0
d372a66dcc25,99964,188.96,2025-03-24T18:31:13.755253,FR,macOS,1,0,6,45.1,0
77cdd7c480cf,15609,11.66,2025-04-03T03:03:14.755276,IN,macOS,1,1,4,30.75,0
5518401335b2,27990,60.87,2025-04-30T23:10:53.755298,IN,Android,1,1,6,40.95,0
4b084c5ef8e2,46983,112.45,2025-05-16T05:24:25.755316,IN,Android,1,1,4,91.06,0
dc34d42c37f9,81893,128.47,2025-03-21T22:36:25.755335,DE,Android,1,0,1,28.24,0
6a3150e6ce3b,41601,107.79,2025-03-31T08:37:25.755353,GB,iOS,1,0,5,52.63,0
50357fb8602a,46912,485.5,2025-05-03T08:36:17.755371,GB,iOS,1,0,5,29.7,0
23c9a60dbc06,57233,209.77,2025-04-02T14:21:55.755391,US,Windows,0,0,6,44.53,0
9a12f0b4232b,79143,7.25,2025-03-26T20:18:01.755409,CN,Windows,1,1,5,48.35,0
f60baa72b5cc,66190,9.03,2025-04-01T05:03:26.755427,FR,Android,1,0,2,53.7,0
6b00b973f03c,22311,30.77,2025-04-11T20:08:32.755446,DE,iOS,1,0,5,26.52,0
826eb7b4a3b6,62809,11.3,2025-05-14T04:51:21.755463,CN,macOS,1,1,2,61.42,0
ad82ff491116,82594,86.4,2025-04-07T14:26:41.755489,CN,Android,1,1,5,73.81,0
e1e7b1515cad,38181,67.28,2025-04-08T02:43:17.755507,GB,Windows,1,0,2,16.58,0
5ea6fa309b34,99061,79.6,2025-03-23T08:48:56.755525,GB,Android,1,0,1,55.24,0
98489decfa2c,10260,31.14,2025-04-30T13:20:13.755544,DE,macOS,1,0,2,44.15,0
9e2d3534d689,33499,40.85,2025-05-07T07:08:53.755562,FR,Android,1,0,6,49.46,0
b675ed39f0b9,22112,82.45,2025-05-14T16:15:20.755581,IN,Android,1,1,1,49.57,0
b94b5079b5c1,28552,136.22,2025-04-14T03:30:51.755601,DE,Windows,1,0,2,47.54,0
db0f4090acd5,97870,162.24,2025-04-28T04:18:33.755624,US,Windows,0,0,6,92.38,0
7d1483dc5e6b,83238,342.6,2025-05-03T14:10:16.755642,US,Android,0,0,3,28.23,0
ea29a58518bb,55536,278.47,2025-05-10T19:03:34.755666,FR,macOS,1,0,5,38.61,0
5e1fce114615,17844,101.04,2025-04-19T13:21:25.755689,US,iOS,0,0,6,46.85,0
32d18e3dfa31,19556,18.39,2025-04-23T01:36:23.755726,IN,Android,1,1,4,81.87,0
857cf11e2ff0,31929,38.33,2025-05-10T21:53:11.755746,US,Android,0,0,6,39.55,0
e12b69fcb86f,54860,141.85,2025-04-04T10:44:31.755763,IN,Android,1,1,2,67.97,0
832c0b64a820,42344,29.65,2025-04-13T12:56:38.755781,IN,iOS,1,1,6,15.37,0
181b33f34e4a,18456,28.89,2025-04-13T01:34:19.755800,FR,iOS,1,0,5,73.45,0
54ffbbba96c8,42602,82.31,2025-04-30T01:48:41.755819,CN,macOS,1,1,6,45.12,0
53727d8ed542,62652,146.44,2025-03-26T08:46:35.755838,GB,iOS,1,0,1,50.33,0
fdf75ca47f01,37008,370.47,2025-04-07T06:59:25.755858,IN,Windows,1,1,5,25.83,1
cec787f40aec,48994,77.47,2025-04-22T12:58:56.755876,FR,macOS,1,0,6,37.41,0
f81f07903977,98030,135.66,2025-03-28T21:11:16.755899,GB,iOS,1,0,5,65.37,0
d13239999dda,54869,8.63,2025-04-16T01:44:07.755918,CN,Windows,1,1,4,71.75,0
10080793a99e,80433,8.03,2025-04-26T00:52:51.755937,DE,Android,1,0,5,52.86,0
427b04a8292c,16953,65.96,2025-03-24T00:08:19.755956,FR,Android,1,0,2,52.91,0
b36e16007ea5,19151,7.94,2025-03-23T12:37:49.755984,CN,macOS,1,1,3,65.23,0
4fff6d93f638,49295,28.85,2025-04-05T16:39:14.756194,FR,iOS,1,0,2,43.45,0
22a65e50f063,48912,189.81,2025-05-07T21:06:07.756239,IN,Android,1,1,0,10.39,0
9e8a6f11b739,22953,4.14,2025-05-11T21:41:19.756267,CN,iOS,1,1,5,63.77,0
8107ba7a1591,22092,40.51,2025-05-14T06:34:21.756292,FR,macOS,1,0,6,67.38,0
f47c6d567cf1,65282,66.05,2025-04-23T19:58:18.756313,DE,Windows,1,0,5,57.84,0
6812e38635bd,88498,64.79,2025-05-20T09:44:34.756347,US,iOS,0,0,6,13.67,0
fded152cda49,22445,354.78,2025-04-17T20:49:51.756368,DE,iOS,1,0,2,66.8,0
16650e04e46a,95854,3.55,2025-04-21T06:07:16.756389,CN,Android,1,1,6,25.03,0
96f484d9e1a6,38531,288.56,2025-04-21T12:32:38.756409,IN,Android,1,1,2,24.74,0
71f66ec67ecb,89729,16.93,2025-04-29T10:00:51.756429,GB,iOS,1,0,5,49.01,0
244e7256b1e5,25812,79.01,2025-04-03T18:42:59.756448,US,iOS,0,0,4,84.74,0
5b4ab3b22875,67099,132.6,2025-04-16T22:57:36.756467,GB,iOS,1,0,5,72.71,0
7c89c421049a,98071,111.12,2025-04-14T09:51:15.756486,GB,Android,1,0,6,68.16,0
5f0bd689d590,88309,163.5,2025-04-21T05:25:07.756504,US,macOS,0,0,0,17.87,0
ce2dc747d09b,39217,31.61,2025-04-01T05:07:10.756528,IN,macOS,1,1,5,35.98,0
5edee87765fa,19008,4.44,2025-05-10T01:26:42.756558,US,Windows,0,0,5,58.95,0
3b4e0e5f595f,13078,181.9,2025-04-11T09:04:44.756577,FR,Android,1,0,5,36.35,0
52c3fbcce2eb,95910,32.95,2025-04-30T02:58:09.756596,US,Android,0,0,3,64.17,0
4dba0ebc8ad2,23033,84.46,2025-03-24T11:16:39.756616,US,iOS,0,0,0,21.51,0
2c9c29ccd1c6,51476,301.22,2025-05-03T20:08:26.756669,CN,Android,1,1,2,51.76,1
72383e93373c,96321,10.63,2025-03-25T16:50:29.756691,IN,iOS,1,1,4,82.16,0
1a09c18ff4b6,53315,126.03,2025-04-09T15:09:12.756710,US,iOS,0,0,2,78.35,0
3aa4ee314ef7,88833,6.57,2025-04-28T16:06:40.756729,IN,macOS,1,1,6,57.46,0
6ffc51aa17c5,17185,276.88,2025-05-15T18:20:14.756764,IN,Android,1,1,4,49.48,0
1daac2b38f68,47941,318.36,2025-03-30T14:07:48.756787,DE,iOS,1,0,2,27.99,0
1d5f2383a7d3,51219,49.58,2025-03-29T21:43:24.756813,US,iOS,0,0,2,58.97,0
719955af420f,25469,1.92,2025-04-29T12:34:19.756836,DE,iOS,1,0,3,42.01,0
2a5c30b5b3e2,96750,306.74,2025-05-10T23:11:48.756855,US,iOS,0,0,2,62.49,0
9bdf5cb20d98,60434,39.0,2025-04-24T16:07:23.756874,DE,Android,1,0,6,59.4,0
11c9d240f12f,28255,14.34,2025-04-19T15:36:45.756895,DE,iOS,1,0,1,71.54,0
b5aca866c1b3,25082,3.38,2025-05-12T09:17:09.756913,US,Android,0,0,5,107.88,0
9046c6669821,31266,42.67,2025-05-08T07:26:39.756933,IN,macOS,1,1,5,51.69,0
1647613e1b53,25970,56.1,2025-04-10T05:09:03.756952,FR,macOS,1,0,6,23.84,0
48d414b7ecf1,36913,3.64,2025-03-31T10:55:36.756972,US,Windows,0,0,2,40.52,0
2090af5a4713,42056,50.01,2025-04-04T18:39:03.756990,US,Windows,0,0,2,13.64,0
1aa21e154b49,64703,74.39,2025-03-31T14:08:38.757015,IN,Android,1,1,1,30.36,0
40532224c980,83413,433.68,2025-04-09T13:26:56.757034,CN,Windows,1,1,3,81.08,1
f0a2e3fe1982,32353,55.99,2025-04-09T14:40:34.757055,CN,iOS,1,1,6,0.0,0
56f114a9d70e,69148,76.43,2025-04-30T06:07:36.757075,FR,Windows,1,0,3,56.09,0
6b53eade7ea5,90666,237.54,2025-05-18T22:19:24.757097,CN,iOS,1,1,4,37.58,0
c31da18b945a,29202,137.76,2025-04-04T23:17:29.757116,DE,Windows,1,0,5,56.32,0
c3b9edc13d1b,96675,33.22,2025-05-16T18:00:52.757136,GB,Android,1,0,4,56.71,0
a01e6b865da5,31184,29.01,2025-04-01T11:29:39.757155,DE,Windows,1,0,3,51.95,0
3b0b0887be96,59847,44.05,2025-05-16T08:45:52.757173,GB,Windows,1,0,1,55.7,0
a0bf0cbde71e,42031,70.31,2025-04-18T17:33:48.757191,CN,Windows,1,1,4,56.68,0
ed625fcc136a,99825,2.47,2025-05-02T08:40:18.757216,US,Android,0,0,3,73.45,0
ccac27c6ceb6,77738,39.02,2025-04-20T06:58:23.757240,CN,macOS,1,1,0,39.51,0
84cbb2134d22,19236,84.67,2025-03-24T12:31:20.757260,US,iOS,0,0,6,8.18,0
02d97561bfdb,49687,105.27,2025-04-05T21:58:43.757279,IN,Android,1,1,6,31.72,0
930682d37bbf,26901,38.56,2025-04-21T06:28:54.757301,GB,Android,1,0,2,57.85,0
9f404e7c097f,57198,90.75,2025-04-04T11:16:15.757319,DE,iOS,1,0,2,38.9,0
6b2be083a8d8,13068,174.03,2025-05-14T05:22:00.757339,CN,iOS,1,1,2,58.82,0
b3a8e07594e7,34751,146.8,2025-05-20T10:55:32.757357,IN,Android,1,1,1,77.63,0
eddfa2278284,48937,311.46,2025-03-28T11:24:31.757376,GB,macOS,1,0,4,25.61,0
8911badbe168,36500,122.85,2025-04-23T18:44:31.757394,GB,Android,1,0,4,30.83,0
fe1d6a011b0c,92199,35.26,2025-04-04T15:46:00.757418,IN,Windows,1,1,2,71.95,0
31e298709c44,21726,11.55,2025-03-21T04:20:21.757437,GB,macOS,1,0,4,67.11,0
050849462b03,59728,36.86,2025-04-04T02:26:55.757455,US,macOS,0,0,2,71.4,0
d0febf80494f,50062,306.54,2025-04-08T03:32:14.757474,CN,iOS,1,1,0,48.51,1
45ecf8eefb5e,33679,133.88,2025-05-14T17:47:27.757494,GB,Android,1,0,2,11.67,0
5c46eb326f0d,21310,24.4,2025-05-07T20:49:56.757512,US,macOS,0,0,1,81.08,0
92cee2fd8d12,75862,57.1,2025-05-07T08:30:15.757529,CN,iOS,1,1,3,30.91,0
1c02c03886a6,94826,97.43,2025-04-17T21:44:42.757547,US,iOS,0,0,1,52.6,0
77ec18b8822f,51881,104.87,2025-04-10T15:01:21.757567,CN,macOS,1,1,6,4.8,0
2291813f880d,54236,5.03,2025-03-22T16:42:08.757588,FR,iOS,1,0,2,30.64,0
456de6756dc7,81021,0.31,2025-04-09T10:02:28.757613,US,Windows,0,0,2,47.88,0
aaa967e8fa04,47619,23.34,2025-05-18T16:16:54.757637,US,Android,0,0,4,63.76,0
b5a99de000b9,12855,108.4,2025-04-27T14:23:19.757655,CN,Android,1,1,0,74.51,0
c18ae3894201,11271,213.51,2025-05-12T02:45:09.757674,FR,Android,1,0,2,38.4,0
58cb7f67e43f,64874,18.27,2025-04-15T18:21:59.757704,US,iOS,0,0,6,33.96,0
1ef82b99b7e5,20519,259.1,2025-05-10T23:27:40.757725,FR,Android,1,0,4,61.29,0
f000a8c4a9da,58528,163.78,2025-04-22T17:10:26.757757,GB,macOS,1,0,2,56.99,0
e8272404e7e8,94605,76.7,2025-05-11T10:21:22.757781,US,Android,0,0,0,28.91,0
c76a76f383cf,56872,42.68,2025-04-22T20:09:41.757800,IN,macOS,1,1,2,63.14,0
ffd661aebf0b,49677,104.47,2025-05-10T10:43:12.757819,IN,iOS,1,1,1,28.57,0
32e76eefd5f3,74674,25.64,2025-04-10T02:43:13.757843,US,Windows,0,0,0,70.62,0
e6e6f52bcf36,55112,173.16,2025-04-02T19:03:49.757861,GB,Android,1,0,6,40.66,0
5dc4ba66f461,50863,99.91,2025-03-26T01:01:41.757884,US,iOS,0,0,4,43.5,0
7293fdcb9bf5,53507,66.61,2025-04-24T15:51:48.757902,GB,iOS,1,0,6,29.66,0
e17f2119915c,28365,111.42,2025-04-17T21:49:42.757926,IN,iOS,1,1,5,31.47,0
e5a46c811bac,75792,72.6,2025-05-20T07:07:09.757944,GB,Windows,1,0,1,44.94,0
7e123419cdd5,90797,103.53,2025-05-20T00:07:53.757964,US,Android,0,0,1,25.95,0
7251380114fe,90794,231.07,2025-03-26T13:44:05.757982,US,iOS,0,0,5,72.05,0
d467bce4279f,53180,15.58,2025-05-13T03:42:35.758017,IN,Windows,1,1,0,40.39,0
46aff4b56649,52551,230.4,2025-04-10T02:39:40.758043,IN,iOS,1,1,0,37.3,0
63a6f3413ad3,15626,49.92,2025-04-26T23:32:05.758067,IN,Android,1,1,3,33.45,0
7d56013086b9,81340,90.88,2025-05-03T23:18:00.758086,US,Windows,0,0,0,53.82,0
65046201686a,25608,3.41,2025-03-25T01:52:39.758105,US,macOS,0,0,2,60.85,0
d4bd4ae0a716,59131,111.36,2025-04-23T23:47:43.758124,US,Android,0,0,5,64.04,0
b213c91fc895,44844,172.88,2025-04-22T02:32:56.758143,IN,iOS,1,1,4,60.55,0
fdd513cf2478,74603,166.6,2025-04-10T02:02:15.758162,US,Android,0,0,2,21.27,0
3e5c1746966f,50695,61.44,2025-05-13T12:11:52.758181,US,iOS,0,0,1,34.34,0
b801c9bca8bf,82639,45.88,2025-05-16T08:47:01.758199,CN,Android,1,1,2,57.5,0
044ae9d488f9,19986,524.09,2025-04-04T20:44:36.758219,IN,macOS,1,1,3,68.24,1
93adb1ab634a,35779,211.97,2025-04-24T05:49:43.758237,IN,Windows,1,1,4,42.75,0
4ff1c28490e6,61583,455.97,2025-03-26T12:50:33.758261,IN,Windows,1,1,4,47.57,1
0ffd4111cd62,38402,92.93,2025-04-04T11:27:37.758280,FR,Windows,1,0,3,43.71,0
44c433783f27,63993,1.29,2025-04-10T04:40:30.758299,CN,macOS,1,1,1,51.14,0
dba9f3497e0b,76536,298.43,2025-04-04T10:43:50.758318,CN,Android,1,1,6,51.59,0
f8259cd03470,49432,24.27,2025-03-29T00:02:16.758336,CN,iOS,1,1,4,58.94,0
446a0f3be630,36868,284.26,2025-03-24T08:16:24.758355,US,Windows,0,0,0,60.18,0
697eb19ab95e,98919,12.84,2025-04-22T00:28:58.758373,CN,Android,1,1,1,48.08,0
c1000126918f,38502,48.96,2025-04-18T04:40:36.758391,IN,iOS,1,1,5,83.32,0
6d3247926c30,79969,39.57,2025-04-19T09:53:16.758410,GB,Windows,1,0,0,48.29,0
6bdc18bae140,59390,404.05,2025-04-27T21:38:05.758429,IN,iOS,1,1,6,63.75,1
e4756549bf89,62254,82.78,2025-04-29T08:33:28.758454,IN,iOS,1,1,3,65.07,0
2a6254e481dc,65736,422.6,2025-04-05T19:32:07.758472,IN,Android,1,1,4,0.0,1
0fe01f628281,58196,68.29,2025-05-16T17:45:53.758492,IN,Windows,1,1,5,65.68,0
e91d1bdb3375,82094,235.66,2025-04-10T21:51:42.758511,IN,Windows,1,1,2,37.74,0
28dd94ea7e4c,19033,163.77,2025-03-24T02:00:07.758536,DE,iOS,1,0,3,48.09,0
77103236e359,88882,140.53,2025-03-31T02:11:29.758555,CN,iOS,1,1,5,60.78,0
7c924d15ef42,20654,156.91,2025-05-12T12:04:23.758574,US,Windows,0,0,4,63.8,0
e8ab77a6ce62,94028,4.63,2025-04-09T22:52:43.758596,GB,Windows,1,0,0,16.23,0
90eb0c700858,81886,16.6,2025-04-07T03:11:49.758616,US,Android,0,0,1,22.16,0
27ef6710abb9,59313,84.31,2025-04-01T14:52:29.758634,CN,macOS,1,1,4,44.6,0
8d1b5a48c79a,18367,186.18,2025-04-13T20:08:29.758658,IN,Android,1,1,3,40.3,0
5ec082e680c3,85234,330.78,2025-04-07T12:52:53.758677,GB,macOS,1,0,6,66.28,0
151141e6d854,35202,121.76,2025-05-13T08:43:33.758698,CN,iOS,1,1,0,67.06,0
2921baafcc00,11259,182.26,2025-04-11T00:58:09.758726,IN,macOS,1,1,0,38.51,0
aeb840553eaf,82969,80.41,2025-04-13T08:36:52.758861,FR,Android,1,0,2,44.89,0
ea5f5e842854,22236,168.67,2025-04-22T02:02:33.758889,IN,macOS,1,1,4,7.75,0
b18885304a4b,27171,99.39,2025-04-06T02:32:18.758910,FR,Windows,1,0,6,24.65,0
1e39c8674766,22334,26.42,2025-04-18T20:37:38.758929,FR,iOS,1,0,2,53.94,0
3fd63c619ad1,18344,80.02,2025-04-20T17:10:05.758948,GB,Android,1,0,3,32.11,0
e34d19e0d92f,17641,22.82,2025-04-24T11:47:14.758967,FR,macOS,1,0,6,20.17,0
2bdbf45ccc72,94679,473.32,2025-04-13T01:07:12.758993,IN,iOS,1,1,5,69.13,1
1a6e71e0c55f,12745,24.69,2025-04-29T17:22:31.759013,IN,iOS,1,1,5,12.0,0
9eb61f6f90d2,59302,177.13,2025-04-01T17:01:32.759033,US,iOS,0,0,4,47.46,0
fc7b2ea55dfd,93471,70.2,2025-05-11T13:23:40.759052,CN,iOS,1,1,0,45.78,0
cd4eed33f9f0,19592,71.98,2025-05-16T07:51:03.759072,IN,Windows,1,1,2,46.45,0
9e3edc8de57b,43048,20.17,2025-04-20T22:09:55.759091,DE,Android,1,0,6,77.57,0
2c80f6cb50cc,77203,27.06,2025-03-26T11:11:24.759110,GB,Windows,1,0,1,52.27,0
cc07ad61415f,57740,139.67,2025-05-09T15:55:15.759128,IN,Windows,1,1,3,27.08,0
1ab25a43e4c5,51715,16.44,2025-04-15T23:00:32.759147,US,Android,0,0,4,59.79,0
7a78a5c724b3,63804,25.12,2025-05-09T08:32:07.759165,IN,Windows,1,1,6,50.84,0
eca84700d509,28883,84.45,2025-04-02T07:43:51.759189,US,iOS,0,0,4,87.28,0
1f68c3685f39,75660,136.62,2025-05-10T00:48:46.759208,US,iOS,0,0,3,68.99,0
ed459f23d916,39223,65.08,2025-05-11T02:09:17.759227,US,iOS,0,0,5,35.39,0
1c8d03d50607,48810,36.63,2025-04-02T02:10:52.759245,GB,macOS,1,0,2,35.61,0
4061aee96605,16852,55.11,2025-04-12T15:09:56.759265,FR,macOS,1,0,6,51.71,0
f99dcecfa4d4,80097,8.67,2025-05-10T20:23:42.759283,US,Windows,0,0,4,75.05,0
f3d76c7fc7a4,63628,11.79,2025-04-29T20:00:09.759307,FR,Android,1,0,3,80.56,0
13c6b2ca9bf5,30796,215.9,2025-05-14T15:56:04.759325,US,iOS,0,0,6,11.33,0
bc418143ae33,62673,81.02,2025-05-02T14:00:22.759345,CN,Android,1,1,1,67.97,0
dfeb8693b8f6,50451,157.44,2025-05-16T23:35:02.759364,IN,Android,1,1,4,22.6,0
37dd7b327ae4,23635,73.86,2025-04-11T01:19:27.759389,US,macOS,0,0,1,67.96,0
9465ebffb802,19824,55.66,2025-04-27T06:45:50.759406,US,iOS,0,0,5,35.76,0
a672b4d95c7a,51318,57.59,2025-03-22T03:12:26.759425,GB,Android,1,0,2,87.19,0
814a6c0e073a,97734,4.08,2025-05-17T11:31:14.759456,GB,macOS,1,0,0,77.87,0
a97b3a39bd7f,96380,11.03,2025-04-03T17:35:21.759484,US,Android,0,0,5,61.85,0
ac64f2987667,73924,153.15,2025-04-25T10:30:36.759505,CN,macOS,1,1,4,81.84,0
13f346a9c456,62874,48.24,2025-03-22T20:22:44.759524,US,iOS,0,0,4,43.65,0
52c8a6dd0790,12119,171.29,2025-04-11T05:24:11.759543,US,Android,0,0,0,63.3,0
f25b72699032,11980,10.49,2025-04-28T01:04:10.759561,DE,Android,1,0,1,62.28,0
4d735bb31fb0,12266,12.48,2025-05-07T06:55:33.759584,GB,Android,1,0,5,67.91,0
98fe5256eca9,50492,146.15,2025-05-07T12:48:48.759608,GB,Windows,1,0,6,60.11,0
4ed4274bd91e,97886,29.29,2025-04-04T22:44:27.759627,CN,Android,1,1,0,78.28,0
a773b658beec,37915,185.5,2025-05-11T09:06:12.759646,IN,macOS,1,1,5,40.71,0
1b90bb54ff7e,68223,47.49,2025-05-07T23:49:02.759664,US,Android,0,0,2,25.17,0
43f1bcf3491a,22230,4.79,2025-04-04T11:34:13.759683,FR,Windows,1,0,2,82.97,0
e64c39ab4275,50233,100.84,2025-04-12T10:08:33.759704,FR,iOS,1,0,4,16.77,0
b00856b01a77,10503,12.14,2025-04-10T16:58:25.759724,DE,iOS,1,0,3,61.12,0
eb3490110c63,36132,197.95,2025-05-14T07:17:56.759742,US,iOS,0,0,1,70.58,0
a7aafa00c8e3,70912,14.56,2025-04-12T22:51:46.759782,IN,Android,1,1,1,46.03,0
f2f286e97e32,67165,124.24,2025-05-01T08:49:46.759802,FR,Android,1,0,1,64.29,0
0ceedb62bf17,82660,97.8,2025-04-29T05:48:28.759825,GB,macOS,1,0,4,9.35,0
8afb5053d94a,62381,86.08,2025-05-20T03:12:33.759846,US,iOS,0,0,5,81.82,0
59dfa751a18d,19010,15.32,2025-03-22T20:37:04.759869,FR,iOS,1,0,4,43.83,0
f77dfb6a88b2,41388,116.71,2025-04-30T21:33:33.759894,US,Android,0,0,6,43.52,0
462d86410a37,74732,5.36,2025-03-25T10:13:08.759913,GB,Android,1,0,4,51.56,0
9d9738deb200,48279,66.82,2025-04-23T15:42:51.759931,GB,Windows,1,0,0,63.02,0
8c9a65f1bd8d,15917,15.41,2025-04-02T19:51:51.759951,US,iOS,0,0,1,34.15,0
f18e6175e993,53042,197.38,2025-05-11T22:35:49.759969,IN,Windows,1,1,4,85.78,0
5c8c3b37e68c,85874,407.44,2025-04-18T17:24:44.759994,IN,Windows,1,1,5,30.6,1
5a61efd30eab,81075,44.63,2025-04-05T18:42:12.760013,FR,macOS,1,0,1,56.8,0
a0fc4a97a60c,11347,77.99,2025-04-16T15:06:33.760038,US,macOS,0,0,5,57.23,0
406a1ae2749e,95790,182.38,2025-03-27T19:27:52.760058,US,macOS,0,0,4,60.36,0
9c441443bb74,16453,191.77,2025-03-21T05:41:03.760076,US,Android,0,0,3,64.16,0
f0bbc2a03148,77807,23.6,2025-04-27T23:09:59.760095,DE,macOS,1,0,6,36.97,0
64e6ad7d99a1,19486,30.13,2025-05-19T21:51:37.760116,IN,iOS,1,1,1,56.49,0
25b7a47b7de9,41137,214.62,2025-03-30T14:34:57.760135,FR,Android,1,0,0,86.26,0
646fb4441047,90254,29.54,2025-04-17T09:32:46.760154,CN,Windows,1,1,6,40.76,0
69736196ae6d,63108,16.05,2025-04-10T12:46:59.760172,GB,Android,1,0,6,16.45,0
daef211b2cf1,72840,103.78,2025-03-30T09:48:35.760191,US,Windows,0,0,0,47.81,0
b30a7e223155,19833,59.6,2025-04-29T16:39:24.760209,US,macOS,0,0,4,47.71,0
2dbfd614d576,93413,43.92,2025-04-15T16:30:51.760234,GB,iOS,1,0,2,80.16,0
faa451ad078a,11935,10.77,2025-05-20T11:42:38.760253,CN,Windows,1,1,5,53.75,0
0ffb7d32e606,94819,131.53,2025-03-27T09:56:00.760272,IN,macOS,1,1,5,19.74,0
b36f3abcb2d0,62211,94.49,2025-05-17T19:32:13.760292,DE,Windows,1,0,1,88.56,0
224a73caf42c,44324,186.37,2025-05-04T15:12:45.760311,CN,Android,1,1,1,35.13,0
8ee386dedbc3,15785,139.71,2025-04-10T10:59:57.760329,DE,Android,1,0,1,10.87,0
5b1ba93071e8,61932,27.52,2025-03-29T16:30:43.760348,CN,iOS,1,1,1,4.75,0
4e78db6b5bd5,25062,294.69,2025-05-03T12:11:24.760366,US,iOS,0,0,0,77.13,0
4064b024988f,15362,177.35,2025-04-20T03:37:11.760385,IN,iOS,1,1,2,57.71,0
c20221c5ace2,89414,197.05,2025-05-16T11:05:20.760403,DE,iOS,1,0,4,8.01,0
9d62e8441692,93812,71.25,2025-04-02T03:41:41.760427,CN,Android,1,1,6,29.3,0
dc99765b6f13,44496,88.0,2025-05-15T16:46:08.760446,US,Android,0,0,0,41.7,0
ab9e97bd83a1,58692,204.75,2025-04-13T11:58:21.760470,US,iOS,0,0,3,36.28,0
dbe4de51ea78,32560,297.09,2025-04-27T20:44:30.760488,US,Windows,0,0,5,42.36,0
b3c6482f182e,51383,158.61,2025-04-03T18:01:29.760507,GB,Android,1,0,6,64.67,0
922bf7bdb6ab,35245,75.32,2025-03-21T09:34:54.760525,IN,iOS,1,1,2,63.55,0
6f2256ecbd03,11832,225.68,2025-04-21T03:49:15.760545,US,iOS,0,0,1,37.96,0
e391a7ae0157,14300,218.43,2025-04-05T05:51:28.760563,IN,Windows,1,1,4,55.33,0
52731c200515,12862,78.5,2025-04-06T07:59:44.760582,US,Windows,0,0,2,57.21,0
1dd027da1532,55888,35.06,2025-05-01T00:42:24.760600,CN,macOS,1,1,3,57.39,0
46da650a759c,78741,90.25,2025-03-23T04:34:08.760629,IN,Windows,1,1,2,54.55,0
40fe45e09ff6,56637,154.16,2025-04-01T22:46:41.760647,FR,Windows,1,0,3,31.42,0
7a9789178b1d,37954,84.75,2025-03-31T04:57:34.760667,US,Windows,0,0,2,63.46,0
40202ce7fb40,28343,91.32,2025-04-27T14:36:56.760686,US,macOS,0,0,3,63.67,0
348745646a2a,35634,227.46,2025-03-27T16:18:24.760704,US,Windows,0,0,1,47.79,0
5fe09b013987,10659,111.81,2025-04-03T23:01:00.760723,GB,macOS,1,0,5,5.24,0
1f77226279ec,42971,17.52,2025-05-14T01:59:53.760741,US,Android,0,0,6,51.93,0
f49af00d2807,73600,18.04,2025-05-01T15:57:46.760966,DE,iOS,1,0,0,61.75,0
703805a9deda,37776,188.9,2025-05-10T14:24:05.761013,US,Android,0,0,5,22.14,0
343ea7bf5eec,62236,138.52,2025-04-03T09:23:53.761038,GB,iOS,1,0,3,49.93,0
7f363e26cb50,12244,213.45,2025-05-03T15:39:37.761074,DE,Android,1,0,4,38.38,0
1575918629d2,87360,143.81,2025-04-01T10:33:46.761095,DE,macOS,1,0,3,48.93,0
6e9240eb647a,28639,113.93,2025-04-12T06:41:27.761116,US,macOS,0,0,2,52.8,0
732c5c2f5b9b,52714,99.63,2025-05-08T14:12:08.761137,IN,iOS,1,1,3,31.48,0
7a48150161f9,41788,332.87,2025-05-12T18:47:34.761165,IN,Windows,1,1,5,52.42,1
e8d519e7e46f,25896,196.12,2025-04-14T22:38:33.761183,DE,macOS,1,0,1,34.77,0
d27f97728080,69076,155.87,2025-04-03T05:23:55.761202,GB,Windows,1,0,0,41.32,0
5bd8539d6e3e,96527,19.28,2025-05-02T16:40:25.761221,CN,macOS,1,1,3,42.3,0
6e3294eb754e,42307,122.32,2025-04-25T04:17:42.761241,GB,macOS,1,0,2,39.64,0
71fcdf626a40,52996,17.63,2025-03-27T23:59:27.761260,DE,macOS,1,0,6,63.67,0
38a077dcacd3,76424,143.65,2025-05-12T05:51:05.761284,US,Windows,0,0,3,60.15,0
017c70b23c9f,50700,35.54,2025-04-20T17:18:47.761302,GB,Android,1,0,4,103.32,0
de8d8902fdfc,60921,29.97,2025-03-29T11:25:47.761324,US,macOS,0,0,1,30.89,0
efdee102cff4,27733,93.82,2025-04-03T04:29:00.761343,DE,iOS,1,0,2,28.14,0
0bc742e9feb7,80000,112.57,2025-03-22T00:27:23.761363,US,macOS,0,0,4,33.58,0
3d7a34225f30,96936,243.64,2025-05-09T16:39:31.761382,DE,Android,1,0,3,70.4,0
92ce2b62e0c8,71237,19.4,2025-04-26T12:14:23.761401,GB,Windows,1,0,0,52.71,0
c585fbe51203,67378,26.42,2025-03-30T15:18:35.761419,IN,macOS,1,1,2,101.5,0
e1f7690fadea,36542,25.83,2025-04-25T06:07:01.761438,US,macOS,0,0,2,18.85,0
51ec151fc311,89730,36.68,2025-04-14T12:40:00.761458,IN,macOS,1,1,6,24.68,0
bb9cf0b32e11,60014,116.25,2025-04-27T00:55:14.761482,US,macOS,0,0,2,49.07,0
5d03e0872cd2,38650,11.58,2025-05-06T17:43:34.761500,CN,Windows,1,1,4,60.38,0
089d6f3637a1,73292,21.92,2025-04-24T01:28:11.761559,US,iOS,0,0,2,27.7,0
4b323b57fa89,24256,321.04,2025-05-08T15:22:20.761583,US,macOS,0,0,6,32.83,0
c184e476725a,47652,5.52,2025-03-23T10:58:20.761604,US,iOS,0,0,5,9.69,0
d08d496772ba,20287,126.59,2025-04-27T08:37:13.761632,GB,macOS,1,0,3,67.39,0
955cac50e2d9,10233,67.43,2025-03-26T10:19:37.761653,IN,Android,1,1,2,57.27,0
71b9df8a5ad9,46341,212.02,2025-03-24T00:06:26.761673,IN,macOS,1,1,4,41.71,0
518ef9d3599d,48729,60.13,2025-04-19T22:43:02.761693,IN,Windows,1,1,6,48.83,0
9e506292946a,27006,73.11,2025-05-06T00:51:27.761711,GB,iOS,1,0,3,55.74,0
5fc4b9148530,14217,123.1,2025-05-16T14:10:29.761734,IN,iOS,1,1,5,80.21,0
f063b29bdd4f,86184,82.66,2025-04-03T05:56:14.761752,CN,Windows,1,1,3,39.69,0
e068f7f58b38,26882,345.26,2025-04-27T20:09:39.761771,FR,Windows,1,0,1,32.44,0
df4ad232f833,61917,159.0,2025-04-03T17:00:22.761790,US,Android,0,0,6,75.55,0
38ccff19ee8b,71285,4.72,2025-05-08T01:32:36.761809,IN,iOS,1,1,2,48.53,0
8e7a2225eac4,40026,32.06,2025-03-26T23:39:40.761827,US,Windows,0,0,4,73.42,0
1c7acdba251c,44245,273.32,2025-05-19T16:58:04.761848,GB,Windows,1,0,5,47.78,0
48fc1d3010bf,80791,8.89,2025-04-20T21:14:01.761882,US,macOS,0,0,6,59.14,0
a974afc3de21,67937,74.29,2025-04-03T06:21:35.761907,US,Windows,0,0,0,72.82,0
873fdaa7089d,19478,20.94,2025-04-15T08:07:15.761925,CN,Android,1,1,3,52.1,0
51470537c163,55052,26.92,2025-04-29T06:09:24.761950,CN,iOS,1,1,2,48.62,0
15f65e130ec9,51794,205.0,2025-04-19T17:27:21.761970,US,Android,0,0,4,71.13,0
17fc18106641,71195,9.84,2025-04-08T11:55:16.761991,CN,Android,1,1,1,36.92,0
36040e0922b5,43228,60.76,2025-05-14T00:16:22.762010,GB,macOS,1,0,3,100.65,0
174506c61fc5,92880,123.29,2025-04-08T14:12:00.762030,US,iOS,0,0,6,54.39,0
d16938e7c951,23401,14.67,2025-05-11T00:10:57.762048,US,iOS,0,0,1,37.09,0
49b9ae547003,69254,181.45,2025-04-20T14:15:21.762066,FR,macOS,1,0,1,11.94,0
58b4e7066dac,75919,302.92,2025-03-25T17:16:11.762085,US,Android,0,0,1,6.0,0
4f0290fdc147,94593,11.49,2025-04-28T10:55:54.762105,DE,macOS,1,0,0,64.14,0
2378fb02d90a,24176,50.75,2025-03-27T09:53:03.762124,DE,iOS,1,0,6,55.04,0
00635dd94b8e,79235,48.35,2025-04-12T16:01:12.762149,US,Android,0,0,6,25.45,0
a0f6f0dff5d2,45099,55.75,2025-04-13T07:34:51.762170,FR,iOS,1,0,0,16.61,0
376e003927a3,58166,48.47,2025-03-23T02:53:49.762200,FR,macOS,1,0,1,13.98,0
3cb4133ddf7b,14721,50.08,2025-05-01T08:33:17.762218,GB,Android,1,0,1,41.34,0
f622990bffe5,74056,5.57,2025-03-28T20:50:13.762243,GB,iOS,1,0,3,22.88,0
814e7162efd9,88970,35.04,2025-05-14T16:37:24.762266,US,macOS,0,0,5,37.56,0
e91b3e0b63bd,19197,122.99,2025-05-03T13:26:59.762285,US,Windows,0,0,4,50.33,0
dfa17dc49a03,58550,39.57,2025-05-01T04:09:53.762302,IN,Windows,1,1,2,84.35,0
76b105876a80,85371,76.09,2025-03-24T22:22:14.762322,GB,Android,1,0,3,79.77,0
462108746f0e,41296,176.63,2025-04-18T13:05:40.762339,GB,macOS,1,0,1,39.71,0
fbabd6ebb835,18247,46.31,2025-04-03T05:30:15.762364,DE,macOS,1,0,3,50.01,0
343a91dcde2e,36883,157.91,2025-04-26T19:29:24.762384,DE,macOS,1,0,4,37.65,0
252122f39a42,91139,65.95,2025-03-26T07:08:14.762403,GB,Android,1,0,4,25.37,0
2445d00d6e1a,24468,17.76,2025-05-16T19:44:15.762422,US,Android,0,0,4,47.72,0
795f65250a2a,35598,38.14,2025-03-27T02:18:30.762441,CN,Windows,1,1,1,45.35,0
e58cc70b6114,51645,11.86,2025-05-03T03:39:50.762459,DE,Windows,1,0,0,80.27,0
f4c8a6a38ec1,86317,11.41,2025-04-23T14:57:29.762479,IN,Android,1,1,5,19.94,0
8683ce5c164e,22662,91.28,2025-05-02T07:09:01.762502,US,Android,0,0,5,49.43,0
3fa77cf009b6,53875,262.22,2025-04-09T12:57:42.762522,GB,macOS,1,0,3,52.31,0
eebe835423fc,96794,2.53,2025-05-19T11:48:08.762540,DE,Android,1,0,3,53.47,0
de76f8696a18,68609,2.37,2025-05-03T08:06:32.762565,IN,Android,1,1,4,73.48,0
c156e531d15a,20445,24.35,2025-04-05T10:04:39.762583,IN,Android,1,1,6,38.82,0
8fb43f572228,74084,11.59,2025-04-03T12:32:34.762602,CN,Windows,1,1,6,71.69,0
780d1542c286,75670,68.63,2025-05-19T23:15:29.762620,IN,Windows,1,1,3,73.75,0
c126a13ba14b,90133,289.85,2025-05-19T13:54:15.762639,GB,iOS,1,0,1,39.04,0
928b26404ae6,67185,44.2,2025-04-07T06:09:08.762657,US,Android,0,0,4,23.0,0
f35993168f8f,66865,130.07,2025-04-01T09:51:22.762677,DE,Windows,1,0,0,41.54,0
413ac6c6c119,53275,70.03,2025-04-15T22:17:03.762696,IN,Windows,1,1,0,43.11,0
bc21534de58c,26756,47.12,2025-03-22T01:50:04.762716,DE,macOS,1,0,5,69.55,0
e94fdf55ea74,94911,368.55,2025-04-29T10:20:20.762734,US,macOS,0,0,5,45.9,0
0797ef99849b,53308,86.91,2025-05-01T12:10:14.762757,FR,Windows,1,0,3,39.66,0
1d94ca96ab77,52101,68.13,2025-03-31T18:27:32.762777,DE,macOS,1,0,6,35.65,0
52aad35fa29b,49908,24.22,2025-05-04T10:07:25.762797,CN,Windows,1,1,5,62.26,0
20bab48217ad,24041,429.45,2025-03-24T13:31:59.762815,US,Windows,0,0,1,29.22,0
aafb5920599b,40941,152.63,2025-04-03T14:54:26.762836,DE,Windows,1,0,0,15.6,0
f7d53039f690,78093,98.34,2025-05-14T20:19:38.762855,FR,Windows,1,0,1,87.05,0
0332c2199de5,86905,1.74,2025-04-09T07:28:39.763136,GB,macOS,1,0,1,61.59,0
7425458dec47,27843,52.74,2025-03-28T21:29:31.763189,US,macOS,0,0,0,53.96,0
1904a7d79aff,63582,30.64,2025-05-16T20:53:26.763219,GB,Android,1,0,2,41.01,0
8c9bd2fe7e1e,95485,316.46,2025-04-06T03:12:50.763244,CN,iOS,1,1,6,66.37,1
833e088d40fd,63563,92.57,2025-05-12T22:04:18.763281,GB,Windows,1,0,0,63.31,0
9c2942f68c31,33714,18.51,2025-05-20T04:03:17.763301,FR,Windows,1,0,0,52.09,0
17240bf61852,23984,3.31,2025-05-20T11:22:30.763323,FR,iOS,1,0,2,70.93,0
36301eb19472,68576,140.36,2025-05-18T20:28:33.763342,US,Windows,0,0,6,41.45,0
939ce259034d,33703,22.68,2025-05-17T02:46:04.763363,CN,macOS,1,1,6,39.09,0
dc49438710a0,23764,159.33,2025-05-07T02:06:51.763383,IN,Android,1,1,5,18.5,0
4c3ecd1cf4b2,96325,110.96,2025-04-07T23:13:30.763403,CN,iOS,1,1,6,64.78,0
f0406f0f5ccd,93935,41.39,2025-05-11T15:41:09.763423,GB,Android,1,0,0,49.86,0
78c2e62ebaa9,31785,43.0,2025-04-14T12:29:13.763441,IN,macOS,1,1,1,67.6,0
30b40bcb3f0a,62869,40.94,2025-05-13T23:32:46.763461,GB,macOS,1,0,2,105.95,0
033dd0887a49,55961,172.19,2025-04-14T11:23:47.763483,US,iOS,0,0,6,51.37,0
96cf17c617fb,20203,56.82,2025-04-18T11:02:55.763502,GB,Android,1,0,5,26.09,0
3f41db6f6a52,28045,86.73,2025-03-22T10:00:24.763522,US,Android,0,0,5,61.59,0
906522988b2f,61308,42.1,2025-03-22T07:24:09.763542,GB,Windows,1,0,2,54.21,0
c7c4917c4d70,49663,25.53,2025-05-10T23:44:40.763561,FR,macOS,1,0,0,59.19,0
184372919327,13423,146.61,2025-05-05T06:11:55.763580,IN,Windows,1,1,3,58.89,0
5f6592380fa4,82295,109.65,2025-05-02T16:25:03.763601,US,macOS,0,0,0,38.65,0
6bea8d0a5402,25156,52.27,2025-05-03T13:28:53.763629,US,Android,0,0,2,79.36,0
1a4d8c39142d,71116,268.65,2025-04-27T22:06:25.763650,US,Android,0,0,2,52.73,0
b5cab2cab5f6,68624,0.43,2025-04-29T16:18:56.763673,FR,iOS,1,0,2,59.25,0
c28df3601650,57911,91.68,2025-03-31T09:49:25.763698,US,iOS,0,0,4,48.7,0
67e926ccd82a,74607,94.3,2025-05-01T17:34:41.763718,IN,Windows,1,1,2,52.97,0
4e189655b37c,24451,230.25,2025-04-05T23:50:47.763738,US,macOS,0,0,1,45.4,0
d023be979e6f,33241,15.94,2025-04-23T15:14:21.763757,IN,iOS,1,1,0,45.84,0
280722fa15c9,81280,72.85,2025-04-07T03:03:14.763777,US,iOS,0,0,5,42.42,0
06dfa679c5bd,15559,113.1,2025-04-17T06:09:18.763796,CN,iOS,1,1,6,42.61,0
eb0022170433,28190,160.12,2025-03-24T04:39:05.763816,DE,macOS,1,0,4,76.35,0
faded90f4f65,82918,109.3,2025-03-30T03:19:10.763840,US,Android,0,0,5,41.13,0
389992a4955e,31058,4.05,2025-03-31T04:08:06.763860,IN,macOS,1,1,0,69.67,0
a918b7febf9d,95743,16.36,2025-04-02T18:39:13.763880,US,Android,0,0,1,48.93,0
4090c9c2aa6a,79297,41.96,2025-05-09T16:55:29.763904,CN,Windows,1,1,6,58.27,0
4629f4e55874,53810,216.61,2025-04-06T00:13:24.763925,IN,Android,1,1,2,56.84,0
f1c7fd488c13,23089,23.44,2025-05-15T10:01:28.763945,FR,macOS,1,0,3,58.56,0
cb9c2bb6f9f3,37011,95.4,2025-05-03T04:39:33.763965,FR,Android,1,0,5,51.96,0
b63fefcee333,48966,231.8,2025-03-30T20:08:22.763984,IN,iOS,1,1,4,58.81,0
6e5c0bdee4f8,92232,62.92,2025-04-12T13:27:39.764021,GB,macOS,1,0,1,30.08,0
eb4d2168cc7e,35793,120.42,2025-03-28T12:29:21.764044,IN,macOS,1,1,4,44.15,0
e119287a6887,70102,2.58,2025-04-02T23:26:00.764064,IN,Windows,1,1,6,57.62,0
b98c98befb14,42662,4.01,2025-05-13T19:16:31.764085,CN,Windows,1,1,6,71.41,0
50e95f532f45,42516,239.06,2025-03-22T14:41:33.764105,FR,macOS,1,0,3,73.73,0
f971272c9834,12572,14.15,2025-03-28T01:38:15.764130,CN,macOS,1,1,3,58.12,0
d9569093e655,91860,142.49,2025-04-11T01:35:14.764150,IN,macOS,1,1,0,37.48,0
a22ea7298372,28595,177.68,2025-04-08T05:09:24.764170,IN,macOS,1,1,4,24.1,0
ee18b880b8d4,77585,77.36,2025-05-16T17:36:30.764189,IN,macOS,1,1,6,0.0,0
c03d26643080,86522,6.55,2025-05-07T02:56:41.764209,FR,macOS,1,0,3,68.39,0
0768f5e763c3,52968,32.21,2025-04-10T09:25:17.764229,FR,Android,1,0,6,44.37,0
0f4edd1eca2d,37473,423.26,2025-04-10T15:01:52.764249,GB,Windows,1,0,6,52.18,0
ca63db486fb3,72287,177.67,2025-04-16T03:08:02.764268,GB,iOS,1,0,3,54.68,0
2c92fb58a461,33479,1.13,2025-03-29T01:55:06.764288,US,macOS,0,0,2,49.03,0
1226de4faf6b,99847,51.29,2025-05-03T09:15:48.764306,CN,iOS,1,1,0,21.72,0
11df3d58fd0d,45237,17.79,2025-04-15T00:13:59.764329,GB,Android,1,0,3,45.64,0
4b88206f6fbf,89441,471.78,2025-04-13T07:36:13.764348,US,macOS,0,0,2,74.47,0
5378e5c370a9,90713,160.85,2025-04-21T05:50:35.764367,US,Android,0,0,5,85.03,0
9435bae07efc,93563,0.12,2025-03-21T02:12:59.764386,DE,iOS,1,0,6,44.26,0
b29fede12722,18239,153.32,2025-04-06T15:38:18.764421,US,macOS,0,0,5,59.94,0
c1d6b7d64162,97812,106.44,2025-03-20T19:01:50.764447,US,iOS,0,0,5,54.21,0
28e2f506a2cc,41234,105.29,2025-05-13T03:22:59.764467,GB,Android,1,0,2,26.73,0
544b9dd19083,33141,30.83,2025-04-09T04:52:55.764486,GB,iOS,1,0,5,35.64,0
ce101b2d70ad,38776,149.69,2025-04-22T11:40:47.764505,GB,Windows,1,0,4,63.91,0
fb5264cc091f,66734,105.16,2025-04-14T00:07:39.764530,IN,Android,1,1,6,50.32,0
2e54fbb96276,76416,42.42,2025-05-20T02:07:46.764554,US,iOS,0,0,2,77.99,0
6a8f44028be5,63551,26.76,2025-05-07T04:53:22.764572,US,macOS,0,0,3,63.69,0
65e481a6808d,72379,209.9,2025-03-20T13:49:16.764595,GB,macOS,1,0,4,69.87,0
187eeb5cbc1b,49002,12.03,2025-03-25T12:14:35.764614,DE,Windows,1,0,1,57.55,0
cbaa7fd817b3,31596,2.92,2025-04-24T03:03:36.764634,IN,macOS,1,1,3,39.19,0
60e9bffcef38,68260,0.52,2025-04-16T12:30:09.764653,US,Android,0,0,0,28.93,0
8b523b25eb6d,52501,41.68,2025-05-10T15:09:47.764951,GB,iOS,1,0,1,63.69,0
e0c515f40450,49828,81.12,2025-04-03T14:29:12.764983,CN,Windows,1,1,1,29.8,0
57ce31fd7f34,12525,341.01,2025-05-18T09:57:48.765039,FR,Windows,1,0,4,22.15,0
dec40112caf2,28505,242.33,2025-05-09T12:08:36.765064,DE,macOS,1,0,0,54.58,0
3b7f46d0c375,35580,168.48,2025-03-27T11:03:09.765090,GB,Windows,1,0,5,51.32,0
19bd100ebabf,20654,83.69,2025-05-07T21:07:27.765109,DE,macOS,1,0,5,29.77,0
8d4b3764dd1a,68150,56.04,2025-05-10T01:52:41.765129,FR,macOS,1,0,4,62.01,0
737374092fd6,60034,176.09,2025-04-28T10:01:45.765147,DE,iOS,1,0,1,56.59,0
0c9b93bfe23b,39453,32.82,2025-05-19T04:49:21.765174,IN,Windows,1,1,6,30.9,0
e7f04bd6bbbb,62877,111.51,2025-04-10T08:02:49.765195,CN,Android,1,1,6,55.73,0
851e74fc0014,33576,10.55,2025-04-27T13:35:33.765215,IN,Android,1,1,4,46.69,0
9681243c1371,93796,180.83,2025-05-17T22:28:08.765234,US,Android,0,0,4,13.1,0
086b9700cd8c,13452,91.02,2025-04-08T15:07:38.765253,CN,Android,1,1,5,10.28,0
34b20fcc81e6,86580,120.96,2025-04-06T06:05:14.765274,CN,Android,1,1,6,34.57,0
4b2ec35150d3,90826,73.41,2025-04-12T01:36:45.765298,US,iOS,0,0,6,38.87,0
124be942db73,17351,9.09,2025-05-09T15:29:37.765317,IN,Android,1,1,3,64.56,0
203eb8f8a74b,63828,64.42,2025-04-28T15:58:22.765336,IN,Windows,1,1,3,66.66,0
be263b22af5b,93666,177.81,2025-05-09T02:12:06.765355,GB,iOS,1,0,4,35.86,0
ea0302179c3c,55527,104.84,2025-05-02T06:11:56.765374,US,iOS,0,0,3,91.95,0
436c5e1cd002,60976,48.11,2025-04-11T08:21:25.765393,US,macOS,0,0,6,68.08,0
de2e6ad90b4a,66979,168.93,2025-03-21T06:36:35.765412,US,Windows,0,0,6,49.86,0
82a4856f1e01,62697,2.87,2025-04-07T21:10:17.765431,FR,iOS,1,0,1,68.16,0
01e860af1e09,68094,93.67,2025-04-14T03:06:19.765451,GB,macOS,1,0,1,81.63,0
6db51b608030,86434,6.43,2025-04-08T21:56:35.765470,IN,Windows,1,1,2,32.6,0
8e826abd7faf,22599,90.55,2025-04-10T02:27:30.765494,FR,Windows,1,0,6,75.6,0
f288ff8b5744,61921,338.27,2025-04-10T14:44:03.765517,CN,iOS,1,1,5,30.87,1
4a944fbb2973,19197,204.21,2025-03-27T02:04:12.765537,DE,macOS,1,0,5,45.95,0
c4d6eb0ea430,10708,73.91,2025-03-21T16:02:28.765557,IN,Android,1,1,1,62.23,0
8513c1a10f25,42432,76.77,2025-04-20T01:38:44.765576,GB,Android,1,0,5,38.8,0
e3f30191aa4d,22826,150.64,2025-04-27T21:19:42.765595,CN,iOS,1,1,6,71.02,0
d8113b20d003,99931,62.87,2025-04-28T06:57:48.765614,IN,Windows,1,1,5,28.85,0
e653321548b9,96871,54.26,2025-04-09T18:11:55.765633,CN,Windows,1,1,1,35.63,0
13831cd15bf8,29867,238.01,2025-04-01T04:53:44.765652,CN,Android,1,1,3,39.04,0
fa1f8449d63b,30963,103.45,2025-04-28T02:59:47.765670,US,iOS,0,0,0,41.14,0
e80bc6da5758,54292,0.86,2025-05-04T06:50:21.765700,DE,iOS,1,0,6,54.05,0
